hour,call_count
8/14/2023 8:00,28
8/14/2023 9:00,18
8/14/2023 10:00,25
8/14/2023 11:00,19
8/14/2023 12:00,24
8/14/2023 13:00,17
8/14/2023 14:00,19
8/14/2023 15:00,24
8/14/2023 16:00,10
8/15/2023 8:00,16
8/15/2023 9:00,21
8/15/2023 10:00,26
8/15/2023 11:00,21
8/15/2023 12:00,24
8/15/2023 13:00,10
8/15/2023 14:00,9
8/15/2023 15:00,17
8/15/2023 16:00,11
8/16/2023 8:00,15
8/16/2023 9:00,16
8/16/2023 10:00,13
8/16/2023 11:00,22
8/16/2023 12:00,23
8/16/2023 13:00,22
8/16/2023 14:00,24
8/16/2023 15:00,21
8/16/2023 16:00,7
8/17/2023 8:00,25
8/17/2023 9:00,18
8/17/2023 10:00,33
8/17/2023 11:00,13
8/17/2023 12:00,11
8/17/2023 13:00,7
8/17/2023 14:00,16
8/17/2023 15:00,12
8/17/2023 16:00,9
8/18/2023 8:00,11
8/18/2023 9:00,16
8/18/2023 10:00,28
8/18/2023 11:00,11
8/18/2023 12:00,24
8/18/2023 13:00,16
8/18/2023 14:00,20
8/18/2023 15:00,13
8/18/2023 16:00,4
8/21/2023 8:00,11
8/21/2023 9:00,13
8/21/2023 10:00,22
8/21/2023 11:00,13
8/21/2023 12:00,23
8/21/2023 13:00,15
8/21/2023 14:00,15
8/21/2023 15:00,15
8/21/2023 16:00,8
8/22/2023 8:00,3
8/22/2023 9:00,16
8/22/2023 10:00,10
8/22/2023 11:00,16
8/22/2023 12:00,4
8/22/2023 13:00,8
8/22/2023 14:00,20
8/22/2023 15:00,4
8/22/2023 16:00,11
8/23/2023 8:00,11
8/23/2023 9:00,15
8/23/2023 10:00,18
8/23/2023 11:00,25
8/23/2023 12:00,11
8/23/2023 13:00,41
8/23/2023 14:00,10
8/23/2023 15:00,24
8/23/2023 16:00,5
8/24/2023 8:00,5
8/24/2023 9:00,10
8/24/2023 10:00,17
8/24/2023 11:00,13
8/24/2023 12:00,21
8/24/2023 13:00,17
8/24/2023 14:00,13
8/24/2023 15:00,18
8/24/2023 16:00,2
8/24/2023 18:00,2
8/25/2023 8:00,11
8/25/2023 9:00,12
8/25/2023 10:00,20
8/25/2023 11:00,15
8/25/2023 12:00,17
8/25/2023 13:00,12
8/25/2023 14:00,19
8/25/2023 15:00,14
8/25/2023 16:00,15
8/28/2023 8:00,11
8/28/2023 9:00,22
8/28/2023 10:00,19
8/28/2023 11:00,38
8/28/2023 12:00,5
8/28/2023 13:00,16
8/28/2023 14:00,19
8/28/2023 15:00,9
8/28/2023 16:00,6
8/29/2023 8:00,2
8/29/2023 9:00,22
8/29/2023 10:00,7
8/29/2023 11:00,21
8/29/2023 12:00,12
8/29/2023 13:00,13
8/29/2023 14:00,14
8/29/2023 15:00,22
8/29/2023 16:00,10
8/30/2023 8:00,11
8/30/2023 9:00,10
8/30/2023 10:00,30
8/30/2023 11:00,12
8/30/2023 12:00,13
8/30/2023 13:00,69
8/30/2023 14:00,11
8/30/2023 15:00,15
8/30/2023 16:00,5
8/31/2023 8:00,16
8/31/2023 9:00,15
8/31/2023 10:00,14
8/31/2023 11:00,13
8/31/2023 12:00,15
8/31/2023 13:00,26
8/31/2023 14:00,11
8/31/2023 15:00,3
8/31/2023 16:00,5
9/1/2023 8:00,12
9/1/2023 9:00,31
9/1/2023 10:00,25
9/1/2023 11:00,24
9/1/2023 12:00,26
9/1/2023 13:00,11
9/1/2023 14:00,15
9/1/2023 15:00,14
9/1/2023 16:00,3
9/5/2023 8:00,33
9/5/2023 9:00,24
9/5/2023 10:00,33
9/5/2023 11:00,25
9/5/2023 12:00,10
9/5/2023 13:00,13
9/5/2023 14:00,16
9/5/2023 15:00,19
9/5/2023 16:00,10
9/6/2023 7:00,1
9/6/2023 8:00,32
9/6/2023 9:00,27
9/6/2023 10:00,18
9/6/2023 11:00,25
9/6/2023 12:00,13
9/6/2023 13:00,14
9/6/2023 14:00,26
9/6/2023 15:00,13
9/6/2023 16:00,17
9/7/2023 8:00,18
9/7/2023 9:00,20
9/7/2023 10:00,17
9/7/2023 11:00,14
9/7/2023 12:00,9
9/7/2023 13:00,16
9/7/2023 14:00,17
9/7/2023 15:00,4
9/7/2023 16:00,10
9/8/2023 8:00,18
9/8/2023 9:00,12
9/8/2023 10:00,17
9/8/2023 11:00,15
9/8/2023 12:00,21
9/8/2023 13:00,28
9/8/2023 14:00,8
9/8/2023 15:00,17
9/8/2023 16:00,8
9/11/2023 8:00,6
9/11/2023 9:00,24
9/11/2023 10:00,19
9/11/2023 11:00,26
9/11/2023 12:00,9
9/11/2023 13:00,22
9/11/2023 14:00,17
9/11/2023 15:00,18
9/11/2023 16:00,18
9/12/2023 8:00,17
9/12/2023 9:00,17
9/12/2023 10:00,7
9/12/2023 11:00,15
9/12/2023 12:00,17
9/12/2023 13:00,31
9/12/2023 14:00,24
9/12/2023 15:00,8
9/12/2023 16:00,10
9/13/2023 7:00,2
9/13/2023 8:00,14
9/13/2023 9:00,22
9/13/2023 10:00,20
9/13/2023 11:00,26
9/13/2023 12:00,29
9/13/2023 13:00,17
9/13/2023 14:00,25
9/13/2023 15:00,22
9/13/2023 16:00,23
9/14/2023 8:00,11
9/14/2023 9:00,9
9/14/2023 10:00,24
9/14/2023 11:00,15
9/14/2023 12:00,10
9/14/2023 13:00,8
9/14/2023 14:00,21
9/14/2023 15:00,17
9/14/2023 16:00,13
9/15/2023 8:00,13
9/15/2023 9:00,8
9/15/2023 10:00,16
9/15/2023 11:00,16
9/15/2023 12:00,9
9/15/2023 13:00,15
9/15/2023 14:00,12
9/15/2023 15:00,19
9/15/2023 16:00,3
9/15/2023 19:00,1
9/15/2023 21:00,1
9/18/2023 8:00,16
9/18/2023 9:00,16
9/18/2023 10:00,21
9/18/2023 11:00,13
9/18/2023 12:00,11
9/18/2023 13:00,26
9/18/2023 14:00,16
9/18/2023 15:00,14
9/18/2023 16:00,17
9/19/2023 8:00,2
9/19/2023 9:00,3
9/19/2023 10:00,6
9/19/2023 11:00,20
9/19/2023 12:00,7
9/19/2023 13:00,20
9/19/2023 14:00,8
9/19/2023 15:00,20
9/19/2023 16:00,9
9/20/2023 8:00,16
9/20/2023 9:00,6
9/20/2023 10:00,11
9/20/2023 11:00,13
9/20/2023 12:00,14
9/20/2023 13:00,18
9/20/2023 14:00,16
9/20/2023 15:00,8
9/20/2023 16:00,8
9/21/2023 8:00,7
9/21/2023 9:00,17
9/21/2023 10:00,10
9/21/2023 11:00,17
9/21/2023 12:00,9
9/21/2023 13:00,20
9/21/2023 14:00,16
9/21/2023 15:00,24
9/21/2023 16:00,15
9/22/2023 8:00,22
9/22/2023 9:00,13
9/22/2023 10:00,17
9/22/2023 11:00,21
9/22/2023 12:00,20
9/22/2023 13:00,26
9/22/2023 14:00,40
9/22/2023 15:00,6
9/22/2023 16:00,7
9/25/2023 8:00,16
9/25/2023 9:00,18
9/25/2023 10:00,24
9/25/2023 11:00,7
9/25/2023 12:00,16
9/25/2023 13:00,22
9/25/2023 14:00,16
9/25/2023 15:00,18
9/25/2023 16:00,10
9/26/2023 8:00,18
9/26/2023 9:00,15
9/26/2023 10:00,17
9/26/2023 11:00,9
9/26/2023 12:00,9
9/26/2023 13:00,14
9/26/2023 14:00,11
9/26/2023 15:00,9
9/26/2023 16:00,1
9/27/2023 7:00,1
9/27/2023 8:00,8
9/27/2023 9:00,9
9/27/2023 10:00,19
9/27/2023 11:00,32
9/27/2023 12:00,48
9/27/2023 13:00,24
9/27/2023 14:00,16
9/27/2023 15:00,18
9/27/2023 16:00,21
9/28/2023 8:00,5
9/28/2023 9:00,12
9/28/2023 10:00,6
9/28/2023 11:00,13
9/28/2023 12:00,12
9/28/2023 13:00,9
9/28/2023 14:00,16
9/28/2023 15:00,15
9/28/2023 16:00,7
9/29/2023 8:00,6
9/29/2023 9:00,9
9/29/2023 10:00,15
9/29/2023 11:00,23
9/29/2023 12:00,10
9/29/2023 13:00,6
9/29/2023 14:00,21
9/29/2023 15:00,18
10/2/2023 8:00,13
10/2/2023 9:00,11
10/2/2023 10:00,10
10/2/2023 11:00,34
10/2/2023 12:00,17
10/2/2023 13:00,26
10/2/2023 14:00,21
10/2/2023 15:00,9
10/2/2023 16:00,7
10/3/2023 8:00,6
10/3/2023 9:00,9
10/3/2023 10:00,19
10/3/2023 11:00,14
10/3/2023 12:00,24
10/3/2023 13:00,21
10/3/2023 14:00,9
10/3/2023 15:00,33
10/3/2023 16:00,6
10/3/2023 17:00,1
10/4/2023 8:00,18
10/4/2023 9:00,15
10/4/2023 10:00,18
10/4/2023 11:00,10
10/4/2023 12:00,14
10/4/2023 13:00,15
10/4/2023 14:00,25
10/4/2023 15:00,9
10/4/2023 16:00,7
10/5/2023 7:00,1
10/5/2023 8:00,10
10/5/2023 9:00,18
10/5/2023 10:00,24
10/5/2023 11:00,21
10/5/2023 12:00,9
10/5/2023 13:00,12
10/5/2023 14:00,21
10/5/2023 15:00,14
10/5/2023 16:00,4
10/6/2023 8:00,6
10/6/2023 9:00,14
10/6/2023 10:00,6
10/6/2023 11:00,21
10/6/2023 12:00,11
10/6/2023 13:00,29
10/6/2023 14:00,5
10/6/2023 15:00,3
10/6/2023 16:00,6
10/10/2023 8:00,7
10/10/2023 9:00,31
10/10/2023 10:00,29
10/10/2023 11:00,35
10/10/2023 12:00,4
10/10/2023 13:00,38
10/10/2023 14:00,25
10/10/2023 15:00,13
10/10/2023 16:00,10
10/11/2023 8:00,7
10/11/2023 9:00,18
10/11/2023 10:00,26
10/11/2023 11:00,47
10/11/2023 12:00,18
10/11/2023 13:00,17
10/11/2023 14:00,31
10/11/2023 15:00,34
10/11/2023 16:00,5
10/12/2023 8:00,6
10/12/2023 9:00,18
10/12/2023 10:00,10
10/12/2023 11:00,21
10/12/2023 12:00,31
10/12/2023 13:00,21
10/12/2023 14:00,31
10/12/2023 15:00,10
10/12/2023 16:00,6
10/13/2023 8:00,15
10/13/2023 9:00,13
10/13/2023 10:00,18
10/13/2023 11:00,12
10/13/2023 12:00,13
10/13/2023 13:00,9
10/13/2023 14:00,26
10/13/2023 15:00,13
10/13/2023 16:00,3
10/16/2023 8:00,23
10/16/2023 9:00,33
10/16/2023 10:00,27
10/16/2023 11:00,24
10/16/2023 12:00,10
10/16/2023 13:00,18
10/16/2023 14:00,18
10/16/2023 15:00,12
10/16/2023 16:00,4
10/17/2023 8:00,12
10/17/2023 9:00,17
10/17/2023 10:00,23
10/17/2023 11:00,17
10/17/2023 12:00,5
10/17/2023 13:00,25
10/17/2023 14:00,15
10/17/2023 15:00,16
10/17/2023 16:00,12
10/18/2023 8:00,7
10/18/2023 9:00,21
10/18/2023 10:00,13
10/18/2023 11:00,13
10/18/2023 12:00,21
10/18/2023 13:00,19
10/18/2023 14:00,11
10/18/2023 15:00,16
10/18/2023 16:00,6
10/19/2023 8:00,16
10/19/2023 9:00,16
10/19/2023 10:00,18
10/19/2023 11:00,19
10/19/2023 12:00,12
10/19/2023 13:00,3
10/19/2023 14:00,13
10/19/2023 15:00,22
10/19/2023 16:00,2
10/20/2023 8:00,4
10/20/2023 9:00,15
10/20/2023 10:00,14
10/20/2023 11:00,8
10/20/2023 12:00,4
10/20/2023 13:00,8
10/20/2023 14:00,25
10/20/2023 15:00,14
10/20/2023 16:00,4
10/23/2023 8:00,8
10/23/2023 9:00,22
10/23/2023 10:00,22
10/23/2023 11:00,30
10/23/2023 12:00,26
10/23/2023 13:00,24
10/23/2023 14:00,25
10/23/2023 15:00,14
10/23/2023 16:00,6
10/24/2023 7:00,1
10/24/2023 8:00,11
10/24/2023 9:00,9
10/24/2023 10:00,18
10/24/2023 11:00,14
10/24/2023 12:00,12
10/24/2023 13:00,16
10/24/2023 14:00,16
10/24/2023 15:00,19
10/24/2023 16:00,9
10/25/2023 8:00,20
10/25/2023 9:00,14
10/25/2023 10:00,26
10/25/2023 11:00,12
10/25/2023 12:00,14
10/25/2023 13:00,8
10/25/2023 14:00,20
10/25/2023 15:00,17
10/25/2023 16:00,12
10/26/2023 8:00,11
10/26/2023 9:00,9
10/26/2023 10:00,15
10/26/2023 11:00,18
10/26/2023 12:00,15
10/26/2023 13:00,12
10/26/2023 14:00,19
10/26/2023 15:00,5
10/26/2023 16:00,7
10/26/2023 17:00,1
10/27/2023 8:00,9
10/27/2023 9:00,13
10/27/2023 10:00,24
10/27/2023 11:00,14
10/27/2023 12:00,19
10/27/2023 13:00,7
10/27/2023 14:00,13
10/27/2023 15:00,9
10/27/2023 16:00,6
10/30/2023 8:00,5
10/30/2023 9:00,24
10/30/2023 10:00,22
10/30/2023 11:00,24
10/30/2023 12:00,19
10/30/2023 13:00,25
10/30/2023 14:00,13
10/30/2023 15:00,20
10/30/2023 16:00,16
10/31/2023 8:00,13
10/31/2023 9:00,20
10/31/2023 10:00,19
10/31/2023 11:00,13
10/31/2023 12:00,18
10/31/2023 13:00,10
10/31/2023 14:00,9
10/31/2023 15:00,21
10/31/2023 16:00,14
11/1/2023 8:00,17
11/1/2023 9:00,34
11/1/2023 10:00,21
11/1/2023 11:00,28
11/1/2023 12:00,25
11/1/2023 13:00,27
11/1/2023 14:00,36
11/1/2023 15:00,25
11/1/2023 16:00,21
11/1/2023 17:00,1
11/2/2023 8:00,27
11/2/2023 9:00,52
11/2/2023 10:00,50
11/2/2023 11:00,35
11/2/2023 12:00,42
11/2/2023 13:00,48
11/2/2023 14:00,59
11/2/2023 15:00,61
11/2/2023 16:00,65
11/3/2023 8:00,50
11/3/2023 9:00,56
11/3/2023 10:00,94
11/3/2023 11:00,65
11/3/2023 12:00,46
11/3/2023 13:00,55
11/3/2023 14:00,78
11/3/2023 15:00,59
11/3/2023 16:00,46
11/6/2023 8:00,115
11/6/2023 9:00,78
11/6/2023 10:00,81
11/6/2023 11:00,62
11/6/2023 12:00,43
11/6/2023 13:00,64
11/6/2023 14:00,55
11/6/2023 15:00,58
11/6/2023 16:00,44
11/6/2023 17:00,1
11/7/2023 8:00,56
11/7/2023 9:00,53
11/7/2023 10:00,42
11/7/2023 11:00,97
11/7/2023 12:00,24
11/7/2023 13:00,38
11/7/2023 14:00,52
11/7/2023 15:00,30
11/7/2023 16:00,27
11/7/2023 18:00,1
11/8/2023 8:00,24
11/8/2023 9:00,61
11/8/2023 10:00,67
11/8/2023 11:00,43
11/8/2023 12:00,41
11/8/2023 13:00,51
11/8/2023 14:00,34
11/8/2023 15:00,30
11/8/2023 16:00,22
11/9/2023 8:00,22
11/9/2023 9:00,33
11/9/2023 10:00,53
11/9/2023 11:00,48
11/9/2023 12:00,16
11/9/2023 13:00,48
11/9/2023 14:00,32
11/9/2023 15:00,26
11/9/2023 16:00,20
11/13/2023 8:00,80
11/13/2023 9:00,64
11/13/2023 10:00,75
11/13/2023 11:00,118
11/13/2023 12:00,42
11/13/2023 13:00,100
11/13/2023 14:00,63
11/13/2023 15:00,47
11/13/2023 16:00,17
11/14/2023 8:00,22
11/14/2023 9:00,25
11/14/2023 10:00,47
11/14/2023 11:00,44
11/14/2023 12:00,38
11/14/2023 13:00,52
11/14/2023 14:00,57
11/14/2023 15:00,11
11/14/2023 16:00,17
11/15/2023 7:00,1
11/15/2023 8:00,18
11/15/2023 9:00,61
11/15/2023 10:00,45
11/15/2023 11:00,32
11/15/2023 12:00,17
11/15/2023 13:00,35
11/15/2023 14:00,28
11/15/2023 15:00,21
11/15/2023 16:00,19
11/15/2023 17:00,1
11/16/2023 8:00,23
11/16/2023 9:00,16
11/16/2023 10:00,42
11/16/2023 11:00,27
11/16/2023 12:00,18
11/16/2023 13:00,27
11/16/2023 14:00,18
11/16/2023 15:00,17
11/16/2023 16:00,13
11/17/2023 7:00,1
11/17/2023 8:00,24
11/17/2023 9:00,35
11/17/2023 10:00,23
11/17/2023 11:00,46
11/17/2023 12:00,15
11/17/2023 13:00,38
11/17/2023 14:00,29
11/17/2023 15:00,11
11/17/2023 16:00,19
11/20/2023 8:00,14
11/20/2023 9:00,13
11/20/2023 10:00,36
11/20/2023 11:00,23
11/20/2023 12:00,13
11/20/2023 13:00,48
11/20/2023 14:00,42
11/20/2023 15:00,27
11/20/2023 16:00,13
11/21/2023 8:00,12
11/21/2023 9:00,17
11/21/2023 10:00,24
11/21/2023 11:00,25
11/21/2023 12:00,23
11/21/2023 13:00,22
11/21/2023 14:00,23
11/21/2023 15:00,32
11/21/2023 16:00,18
11/22/2023 8:00,15
11/22/2023 9:00,15
11/22/2023 10:00,15
11/22/2023 11:00,10
11/22/2023 12:00,23
11/22/2023 13:00,15
11/22/2023 14:00,17
11/22/2023 15:00,9
11/22/2023 16:00,3
11/27/2023 8:00,19
11/27/2023 9:00,20
11/27/2023 10:00,49
11/27/2023 11:00,44
11/27/2023 12:00,15
11/27/2023 13:00,40
11/27/2023 14:00,31
11/27/2023 15:00,38
11/27/2023 16:00,35
11/28/2023 8:00,11
11/28/2023 9:00,22
11/28/2023 10:00,28
11/28/2023 11:00,29
11/28/2023 12:00,23
11/28/2023 13:00,26
11/28/2023 14:00,12
11/28/2023 15:00,8
11/28/2023 16:00,12
11/28/2023 17:00,2
11/29/2023 8:00,18
11/29/2023 9:00,17
11/29/2023 10:00,34
11/29/2023 11:00,18
11/29/2023 12:00,24
11/29/2023 13:00,25
11/29/2023 14:00,17
11/29/2023 15:00,24
11/29/2023 16:00,6
11/30/2023 8:00,20
11/30/2023 9:00,32
11/30/2023 10:00,33
11/30/2023 11:00,20
11/30/2023 12:00,30
11/30/2023 13:00,39
11/30/2023 14:00,18
11/30/2023 15:00,12
11/30/2023 16:00,12
12/1/2023 8:00,14
12/1/2023 9:00,18
12/1/2023 10:00,32
12/1/2023 11:00,35
12/1/2023 12:00,8
12/1/2023 13:00,32
12/1/2023 14:00,26
12/1/2023 15:00,18
12/1/2023 16:00,15
12/4/2023 8:00,32
12/4/2023 9:00,31
12/4/2023 10:00,37
12/4/2023 11:00,50
12/4/2023 12:00,38
12/4/2023 13:00,32
12/4/2023 14:00,28
12/4/2023 15:00,35
12/4/2023 16:00,8
12/5/2023 8:00,14
12/5/2023 9:00,16
12/5/2023 10:00,25
12/5/2023 11:00,23
12/5/2023 12:00,22
12/5/2023 13:00,43
12/5/2023 14:00,45
12/5/2023 15:00,34
12/5/2023 16:00,18
12/5/2023 18:00,1
12/6/2023 8:00,23
12/6/2023 9:00,39
12/6/2023 10:00,56
12/6/2023 11:00,21
12/6/2023 12:00,19
12/6/2023 13:00,35
12/6/2023 14:00,19
12/6/2023 15:00,35
12/6/2023 16:00,4
12/7/2023 8:00,20
12/7/2023 9:00,12
12/7/2023 10:00,15
12/7/2023 11:00,23
12/7/2023 12:00,17
12/7/2023 13:00,30
12/7/2023 14:00,22
12/7/2023 15:00,11
12/7/2023 16:00,9
12/8/2023 8:00,8
12/8/2023 9:00,10
12/8/2023 10:00,21
12/8/2023 11:00,13
12/8/2023 12:00,21
12/8/2023 13:00,17
12/8/2023 14:00,28
12/8/2023 15:00,15
12/8/2023 16:00,5
12/8/2023 20:00,1
12/11/2023 8:00,14
12/11/2023 9:00,19
12/11/2023 10:00,15
12/11/2023 11:00,18
12/11/2023 12:00,12
12/11/2023 13:00,24
12/11/2023 14:00,20
12/11/2023 15:00,17
12/11/2023 16:00,13
12/11/2023 17:00,1
12/12/2023 8:00,9
12/12/2023 9:00,19
12/12/2023 10:00,9
12/12/2023 11:00,16
12/12/2023 12:00,13
12/12/2023 13:00,12
12/12/2023 14:00,10
12/12/2023 15:00,8
12/12/2023 16:00,9
12/13/2023 8:00,2
12/13/2023 9:00,21
12/13/2023 10:00,15
12/13/2023 11:00,19
12/13/2023 12:00,10
12/13/2023 13:00,8
12/13/2023 14:00,15
12/13/2023 15:00,8
12/13/2023 16:00,14
12/14/2023 8:00,14
12/14/2023 9:00,8
12/14/2023 10:00,13
12/14/2023 11:00,11
12/14/2023 12:00,8
12/14/2023 13:00,10
12/14/2023 14:00,13
12/14/2023 15:00,5
12/14/2023 16:00,11
12/15/2023 8:00,9
12/15/2023 9:00,12
12/15/2023 10:00,11
12/15/2023 11:00,17
12/15/2023 12:00,9
12/15/2023 13:00,10
12/15/2023 14:00,11
12/15/2023 15:00,10
12/15/2023 16:00,8
12/15/2023 18:00,1
12/18/2023 8:00,14
12/18/2023 9:00,11
12/18/2023 10:00,16
12/18/2023 11:00,16
12/18/2023 12:00,10
12/18/2023 13:00,7
12/18/2023 14:00,11
12/18/2023 15:00,15
12/18/2023 16:00,9
12/19/2023 8:00,11
12/19/2023 9:00,16
12/19/2023 10:00,22
12/19/2023 11:00,15
12/19/2023 12:00,9
12/19/2023 13:00,12
12/19/2023 14:00,11
12/19/2023 15:00,14
12/19/2023 16:00,10
12/20/2023 8:00,8
12/20/2023 9:00,24
12/20/2023 10:00,12
12/20/2023 11:00,12
12/20/2023 12:00,7
12/20/2023 13:00,12
12/20/2023 14:00,10
12/20/2023 15:00,10
12/20/2023 16:00,7
12/21/2023 8:00,13
12/21/2023 9:00,15
12/21/2023 10:00,12
12/21/2023 11:00,17
12/21/2023 12:00,18
12/21/2023 13:00,6
12/21/2023 14:00,17
12/21/2023 15:00,19
12/21/2023 16:00,9
12/22/2023 8:00,7
12/22/2023 9:00,11
12/22/2023 10:00,11
12/22/2023 11:00,12
12/22/2023 12:00,7
12/22/2023 13:00,8
12/22/2023 14:00,10
12/22/2023 15:00,5
12/22/2023 16:00,3
12/26/2023 9:00,1
12/26/2023 16:00,1
12/27/2023 8:00,12
12/27/2023 9:00,22
12/27/2023 10:00,29
12/27/2023 11:00,9
12/27/2023 12:00,19
12/27/2023 13:00,10
12/27/2023 14:00,18
12/27/2023 15:00,15
12/27/2023 16:00,11
12/28/2023 8:00,12
12/28/2023 9:00,17
12/28/2023 10:00,15
12/28/2023 11:00,18
12/28/2023 12:00,18
12/28/2023 13:00,13
12/28/2023 14:00,7
12/28/2023 15:00,11
12/28/2023 16:00,13
12/29/2023 8:00,12
12/29/2023 9:00,8
12/29/2023 10:00,6
12/29/2023 11:00,16
12/29/2023 12:00,13
12/29/2023 13:00,17
12/29/2023 14:00,16
12/29/2023 15:00,14
12/29/2023 16:00,5
1/1/2024 10:00,1
1/2/2024 5:00,2
1/2/2024 8:00,21
1/2/2024 9:00,18
1/2/2024 10:00,26
1/2/2024 11:00,25
1/2/2024 12:00,9
1/2/2024 13:00,17
1/2/2024 14:00,18
1/2/2024 15:00,13
1/2/2024 16:00,8
1/2/2024 17:00,1
1/2/2024 19:00,1
1/3/2024 8:00,19
1/3/2024 9:00,24
1/3/2024 10:00,15
1/3/2024 11:00,10
1/3/2024 12:00,14
1/3/2024 13:00,12
1/3/2024 14:00,24
1/3/2024 15:00,13
1/3/2024 16:00,9
1/4/2024 8:00,2
1/4/2024 9:00,13
1/4/2024 10:00,20
1/4/2024 11:00,14
1/4/2024 12:00,17
1/4/2024 13:00,16
1/4/2024 14:00,14
1/4/2024 15:00,13
1/4/2024 16:00,11
1/4/2024 17:00,1
1/4/2024 18:00,1
1/5/2024 8:00,2
1/5/2024 9:00,4
1/5/2024 10:00,17
1/5/2024 11:00,16
1/5/2024 12:00,14
1/5/2024 13:00,8
1/5/2024 14:00,19
1/5/2024 15:00,12
1/5/2024 16:00,5
1/5/2024 17:00,1
1/8/2024 8:00,11
1/8/2024 9:00,8
1/8/2024 10:00,16
1/8/2024 11:00,9
1/8/2024 12:00,11
1/8/2024 13:00,16
1/8/2024 14:00,23
1/8/2024 15:00,20
1/8/2024 16:00,11
1/9/2024 8:00,11
1/9/2024 9:00,18
1/9/2024 10:00,11
1/9/2024 11:00,18
1/9/2024 12:00,6
1/9/2024 13:00,13
1/9/2024 14:00,15
1/9/2024 15:00,18
1/9/2024 16:00,6
1/10/2024 8:00,10
1/10/2024 9:00,12
1/10/2024 10:00,16
1/10/2024 11:00,8
1/10/2024 12:00,11
1/10/2024 13:00,15
1/10/2024 14:00,10
1/10/2024 15:00,10
1/10/2024 16:00,6
1/11/2024 8:00,9
1/11/2024 9:00,22
1/11/2024 10:00,25
1/11/2024 11:00,15
1/11/2024 12:00,12
1/11/2024 13:00,8
1/11/2024 14:00,23
1/11/2024 15:00,12
1/11/2024 16:00,2
1/12/2024 8:00,4
1/12/2024 9:00,9
1/12/2024 10:00,12
1/12/2024 11:00,14
1/12/2024 12:00,15
1/12/2024 13:00,35
1/12/2024 14:00,43
1/12/2024 15:00,9
1/12/2024 16:00,6
1/12/2024 17:00,1
1/16/2024 8:00,10
1/16/2024 9:00,12
1/16/2024 10:00,13
1/16/2024 11:00,24
1/16/2024 12:00,14
1/16/2024 13:00,16
1/16/2024 14:00,5
1/16/2024 15:00,10
1/16/2024 16:00,19
1/16/2024 19:00,1
1/17/2024 8:00,26
1/17/2024 9:00,22
1/17/2024 10:00,39
1/17/2024 11:00,19
1/17/2024 12:00,6
1/17/2024 13:00,23
1/17/2024 14:00,30
1/17/2024 15:00,10
1/17/2024 16:00,7
1/18/2024 8:00,9
1/18/2024 9:00,22
1/18/2024 10:00,34
1/18/2024 11:00,27
1/18/2024 12:00,14
1/18/2024 13:00,32
1/18/2024 14:00,13
1/18/2024 15:00,9
1/18/2024 16:00,10
1/19/2024 0:00,1
1/19/2024 8:00,11
1/19/2024 9:00,14
1/19/2024 10:00,17
1/19/2024 11:00,14
1/19/2024 12:00,74
1/19/2024 13:00,27
1/19/2024 14:00,47
1/19/2024 15:00,15
1/19/2024 16:00,9
1/22/2024 8:00,17
1/22/2024 9:00,14
1/22/2024 10:00,21
1/22/2024 11:00,70
1/22/2024 12:00,8
1/22/2024 13:00,20
1/22/2024 14:00,25
1/22/2024 15:00,19
1/22/2024 16:00,4
1/23/2024 8:00,6
1/23/2024 9:00,4
1/23/2024 10:00,12
1/23/2024 11:00,10
1/23/2024 12:00,32
1/23/2024 13:00,5
1/23/2024 14:00,11
1/23/2024 15:00,11
1/23/2024 16:00,13
1/23/2024 17:00,1
1/24/2024 8:00,10
1/24/2024 9:00,17
1/24/2024 10:00,21
1/24/2024 11:00,23
1/24/2024 12:00,18
1/24/2024 13:00,16
1/24/2024 14:00,16
1/24/2024 15:00,4
1/24/2024 16:00,9
1/25/2024 8:00,7
1/25/2024 9:00,22
1/25/2024 10:00,10
1/25/2024 11:00,14
1/25/2024 12:00,11
1/25/2024 13:00,21
1/25/2024 14:00,26
1/25/2024 15:00,24
1/25/2024 16:00,4
1/26/2024 8:00,7
1/26/2024 9:00,17
1/26/2024 10:00,17
1/26/2024 11:00,16
1/26/2024 12:00,15
1/26/2024 13:00,16
1/26/2024 14:00,14
1/26/2024 15:00,26
1/26/2024 16:00,7
1/29/2024 8:00,6
1/29/2024 9:00,22
1/29/2024 10:00,33
1/29/2024 11:00,9
1/29/2024 12:00,13
1/29/2024 13:00,22
1/29/2024 14:00,18
1/29/2024 15:00,12
1/29/2024 16:00,7
1/30/2024 7:00,1
1/30/2024 8:00,16
1/30/2024 9:00,22
1/30/2024 10:00,8
1/30/2024 11:00,28
1/30/2024 12:00,7
1/30/2024 13:00,16
1/30/2024 14:00,16
1/30/2024 15:00,16
1/30/2024 16:00,17
1/31/2024 8:00,17
1/31/2024 9:00,19
1/31/2024 10:00,17
1/31/2024 11:00,18
1/31/2024 12:00,16
1/31/2024 13:00,12
1/31/2024 14:00,23
1/31/2024 15:00,23
1/31/2024 16:00,6
2/1/2024 8:00,7
2/1/2024 9:00,17
2/1/2024 10:00,17
2/1/2024 11:00,20
2/1/2024 12:00,15
2/1/2024 13:00,5
2/1/2024 14:00,25
2/1/2024 15:00,19
2/1/2024 16:00,12
2/1/2024 17:00,1
2/2/2024 8:00,12
2/2/2024 9:00,21
2/2/2024 10:00,22
2/2/2024 11:00,31
2/2/2024 12:00,60
2/2/2024 13:00,44
2/2/2024 14:00,10
2/2/2024 15:00,42
2/2/2024 16:00,20
2/5/2024 8:00,36
2/5/2024 9:00,37
2/5/2024 10:00,27
2/5/2024 11:00,41
2/5/2024 12:00,18
2/5/2024 13:00,44
2/5/2024 14:00,40
2/5/2024 15:00,24
2/5/2024 16:00,26
2/5/2024 17:00,1
2/6/2024 7:00,1
2/6/2024 8:00,13
2/6/2024 9:00,12
2/6/2024 10:00,21
2/6/2024 11:00,13
2/6/2024 12:00,21
2/6/2024 13:00,26
2/6/2024 14:00,12
2/6/2024 15:00,35
2/6/2024 16:00,20
2/7/2024 8:00,14
2/7/2024 9:00,29
2/7/2024 10:00,14
2/7/2024 11:00,26
2/7/2024 12:00,16
2/7/2024 13:00,35
2/7/2024 14:00,19
2/7/2024 15:00,17
2/7/2024 16:00,28
2/8/2024 8:00,14
2/8/2024 9:00,12
2/8/2024 10:00,24
2/8/2024 11:00,24
2/8/2024 12:00,28
2/8/2024 13:00,29
2/8/2024 14:00,25
2/8/2024 15:00,25
2/8/2024 16:00,18
2/9/2024 8:00,17
2/9/2024 9:00,16
2/9/2024 10:00,37
2/9/2024 11:00,27
2/9/2024 12:00,16
2/9/2024 13:00,24
2/9/2024 14:00,34
2/9/2024 15:00,38
2/9/2024 16:00,15
2/12/2024 8:00,17
2/12/2024 9:00,24
2/12/2024 10:00,22
2/12/2024 11:00,30
2/12/2024 12:00,12
2/12/2024 13:00,20
2/12/2024 14:00,20
2/12/2024 15:00,20
2/12/2024 16:00,3
2/13/2024 8:00,24
2/13/2024 9:00,41
2/13/2024 10:00,46
2/13/2024 11:00,129
2/13/2024 12:00,30
2/13/2024 13:00,44
2/13/2024 14:00,44
2/13/2024 15:00,24
2/13/2024 16:00,18
2/14/2024 7:00,1
2/14/2024 8:00,7
2/14/2024 9:00,18
2/14/2024 10:00,18
2/14/2024 11:00,10
2/14/2024 12:00,17
2/14/2024 13:00,16
2/14/2024 14:00,16
2/14/2024 15:00,16
2/14/2024 16:00,9
2/15/2024 8:00,14
2/15/2024 9:00,23
2/15/2024 10:00,39
2/15/2024 11:00,27
2/15/2024 12:00,42
2/15/2024 13:00,24
2/15/2024 14:00,26
2/15/2024 15:00,15
2/15/2024 16:00,18
2/15/2024 21:00,1
2/16/2024 8:00,9
2/16/2024 9:00,16
2/16/2024 10:00,17
2/16/2024 11:00,33
2/16/2024 12:00,28
2/16/2024 13:00,26
2/16/2024 14:00,31
2/16/2024 15:00,14
2/16/2024 16:00,13
2/19/2024 8:00,11
2/19/2024 9:00,24
2/19/2024 10:00,14
2/19/2024 11:00,11
2/19/2024 12:00,14
2/19/2024 13:00,30
2/19/2024 14:00,6
2/19/2024 15:00,19
2/19/2024 16:00,6
2/20/2024 8:00,18
2/20/2024 9:00,23
2/20/2024 10:00,22
2/20/2024 11:00,36
2/20/2024 12:00,10
2/20/2024 13:00,23
2/20/2024 14:00,27
2/20/2024 15:00,42
2/20/2024 16:00,17
2/20/2024 17:00,1
2/20/2024 19:00,1
2/21/2024 7:00,1
2/21/2024 8:00,23
2/21/2024 9:00,24
2/21/2024 10:00,22
2/21/2024 11:00,24
2/21/2024 12:00,12
2/21/2024 13:00,26
2/21/2024 14:00,18
2/21/2024 15:00,17
2/21/2024 16:00,14
2/21/2024 17:00,1
2/22/2024 8:00,12
2/22/2024 9:00,29
2/22/2024 10:00,19
2/22/2024 11:00,23
2/22/2024 12:00,16
2/22/2024 13:00,31
2/22/2024 14:00,34
2/22/2024 15:00,18
2/22/2024 16:00,14
2/22/2024 18:00,2
2/23/2024 8:00,12
2/23/2024 9:00,21
2/23/2024 10:00,27
2/23/2024 11:00,38
2/23/2024 12:00,21
2/23/2024 13:00,19
2/23/2024 14:00,52
2/23/2024 15:00,11
2/23/2024 16:00,15
2/26/2024 8:00,28
2/26/2024 9:00,48
2/26/2024 10:00,47
2/26/2024 11:00,38
2/26/2024 12:00,38
2/26/2024 13:00,46
2/26/2024 14:00,47
2/26/2024 15:00,28
2/26/2024 16:00,19
2/27/2024 8:00,25
2/27/2024 9:00,45
2/27/2024 10:00,45
2/27/2024 11:00,38
2/27/2024 12:00,30
2/27/2024 13:00,44
2/27/2024 14:00,26
2/27/2024 15:00,36
2/27/2024 16:00,34
2/27/2024 18:00,1
2/28/2024 8:00,21
2/28/2024 9:00,29
2/28/2024 10:00,35
2/28/2024 11:00,40
2/28/2024 12:00,30
2/28/2024 13:00,40
2/28/2024 14:00,45
2/28/2024 15:00,29
2/28/2024 16:00,24
2/29/2024 8:00,27
2/29/2024 9:00,23
2/29/2024 10:00,21
2/29/2024 11:00,27
2/29/2024 12:00,13
2/29/2024 13:00,68
2/29/2024 14:00,26
2/29/2024 15:00,39
2/29/2024 16:00,19
3/1/2024 8:00,18
3/1/2024 9:00,21
3/1/2024 10:00,16
3/1/2024 11:00,18
3/1/2024 12:00,25
3/1/2024 13:00,14
3/1/2024 14:00,24
3/1/2024 15:00,19
3/1/2024 16:00,12
3/4/2024 7:00,1
3/4/2024 8:00,29
3/4/2024 9:00,36
3/4/2024 10:00,33
3/4/2024 11:00,19
3/4/2024 12:00,20
3/4/2024 13:00,49
3/4/2024 14:00,31
3/4/2024 15:00,24
3/4/2024 16:00,28
3/5/2024 8:00,13
3/5/2024 9:00,27
3/5/2024 10:00,16
3/5/2024 11:00,25
3/5/2024 12:00,20
3/5/2024 13:00,27
3/5/2024 14:00,11
3/5/2024 15:00,10
3/5/2024 16:00,12
3/6/2024 8:00,10
3/6/2024 9:00,15
3/6/2024 10:00,16
3/6/2024 11:00,20
3/6/2024 12:00,15
3/6/2024 13:00,22
3/6/2024 14:00,26
3/6/2024 15:00,24
3/6/2024 16:00,13
3/7/2024 8:00,9
3/7/2024 9:00,24
3/7/2024 10:00,13
3/7/2024 11:00,15
3/7/2024 12:00,26
3/7/2024 13:00,50
3/7/2024 14:00,21
3/7/2024 15:00,23
3/7/2024 16:00,9
3/8/2024 8:00,13
3/8/2024 9:00,22
3/8/2024 10:00,34
3/8/2024 11:00,11
3/8/2024 12:00,11
3/8/2024 13:00,12
3/8/2024 14:00,23
3/8/2024 15:00,22
3/8/2024 16:00,4
3/11/2024 8:00,12
3/11/2024 9:00,25
3/11/2024 10:00,33
3/11/2024 11:00,33
3/11/2024 12:00,25
3/11/2024 13:00,29
3/11/2024 14:00,25
3/11/2024 15:00,14
3/11/2024 16:00,13
3/12/2024 8:00,6
3/12/2024 9:00,14
3/12/2024 10:00,21
3/12/2024 11:00,27
3/12/2024 12:00,35
3/12/2024 13:00,22
3/12/2024 14:00,40
3/12/2024 15:00,16
3/12/2024 16:00,26
3/12/2024 17:00,1
3/13/2024 8:00,7
3/13/2024 9:00,16
3/13/2024 10:00,25
3/13/2024 11:00,18
3/13/2024 12:00,12
3/13/2024 13:00,17
3/13/2024 14:00,22
3/13/2024 15:00,25
3/13/2024 16:00,23
3/14/2024 8:00,8
3/14/2024 9:00,39
3/14/2024 10:00,19
3/14/2024 11:00,34
3/14/2024 12:00,42
3/14/2024 13:00,28
3/14/2024 14:00,35
3/14/2024 15:00,27
3/14/2024 16:00,12
3/15/2024 8:00,8
3/15/2024 9:00,37
3/15/2024 10:00,24
3/15/2024 11:00,19
3/15/2024 12:00,8
3/15/2024 13:00,17
3/15/2024 14:00,17
3/15/2024 15:00,11
3/15/2024 16:00,12
3/15/2024 17:00,1
3/18/2024 8:00,19
3/18/2024 9:00,20
3/18/2024 10:00,28
3/18/2024 11:00,21
3/18/2024 12:00,32
3/18/2024 13:00,22
3/18/2024 14:00,20
3/18/2024 15:00,23
3/18/2024 16:00,8
3/19/2024 8:00,19
3/19/2024 9:00,15
3/19/2024 10:00,45
3/19/2024 11:00,31
3/19/2024 12:00,11
3/19/2024 13:00,20
3/19/2024 14:00,20
3/19/2024 15:00,33
3/19/2024 16:00,4
3/20/2024 8:00,7
3/20/2024 9:00,12
3/20/2024 10:00,14
3/20/2024 11:00,17
3/20/2024 12:00,13
3/20/2024 13:00,16
3/20/2024 14:00,16
3/20/2024 15:00,24
3/20/2024 16:00,8
3/21/2024 8:00,13
3/21/2024 9:00,6
3/21/2024 10:00,20
3/21/2024 11:00,26
3/21/2024 12:00,24
3/21/2024 13:00,18
3/21/2024 14:00,25
3/21/2024 15:00,7
3/21/2024 16:00,11
3/22/2024 8:00,9
3/22/2024 9:00,12
3/22/2024 10:00,14
3/22/2024 11:00,26
3/22/2024 12:00,22
3/22/2024 13:00,18
3/22/2024 14:00,16
3/22/2024 15:00,11
3/22/2024 16:00,20
3/25/2024 8:00,17
3/25/2024 9:00,34
3/25/2024 10:00,30
3/25/2024 11:00,26
3/25/2024 12:00,18
3/25/2024 13:00,25
3/25/2024 14:00,22
3/25/2024 15:00,18
3/25/2024 16:00,17
3/26/2024 8:00,19
3/26/2024 9:00,37
3/26/2024 10:00,20
3/26/2024 11:00,24
3/26/2024 12:00,45
3/26/2024 13:00,28
3/26/2024 14:00,9
3/26/2024 15:00,13
3/26/2024 16:00,5
3/27/2024 8:00,11
3/27/2024 9:00,30
3/27/2024 10:00,31
3/27/2024 11:00,32
3/27/2024 12:00,16
3/27/2024 13:00,22
3/27/2024 14:00,20
3/27/2024 15:00,15
3/27/2024 16:00,12
3/28/2024 8:00,13
3/28/2024 9:00,13
3/28/2024 10:00,14
3/28/2024 11:00,17
3/28/2024 12:00,16
3/28/2024 13:00,15
3/28/2024 14:00,33
3/28/2024 15:00,10
3/28/2024 16:00,13
3/28/2024 19:00,1
3/29/2024 11:00,2
4/1/2024 8:00,27
4/1/2024 9:00,35
4/1/2024 10:00,22
4/1/2024 11:00,44
4/1/2024 12:00,27
4/1/2024 13:00,49
4/1/2024 14:00,49
4/1/2024 15:00,28
4/1/2024 16:00,20
4/2/2024 8:00,17
4/2/2024 9:00,25
4/2/2024 10:00,35
4/2/2024 11:00,25
4/2/2024 12:00,23
4/2/2024 13:00,23
4/2/2024 14:00,15
4/2/2024 15:00,23
4/2/2024 16:00,18
4/3/2024 8:00,18
4/3/2024 9:00,27
4/3/2024 10:00,65
4/3/2024 11:00,30
4/3/2024 12:00,31
4/3/2024 13:00,18
4/3/2024 14:00,34
4/3/2024 15:00,34
4/3/2024 16:00,18
4/4/2024 8:00,27
4/4/2024 9:00,30
4/4/2024 10:00,40
4/4/2024 11:00,45
4/4/2024 12:00,35
4/4/2024 13:00,41
4/4/2024 14:00,56
4/4/2024 15:00,70
4/4/2024 16:00,56
4/4/2024 17:00,1
4/5/2024 7:00,3
4/5/2024 8:00,42
4/5/2024 9:00,60
4/5/2024 10:00,67
4/5/2024 11:00,60
4/5/2024 12:00,42
4/5/2024 13:00,46
4/5/2024 14:00,52
4/5/2024 15:00,67
4/5/2024 16:00,39
4/5/2024 18:00,1
4/8/2024 8:00,62
4/8/2024 9:00,90
4/8/2024 10:00,125
4/8/2024 11:00,109
4/8/2024 12:00,37
4/8/2024 13:00,83
4/8/2024 14:00,67
4/8/2024 15:00,67
4/8/2024 16:00,30
4/8/2024 17:00,1
4/8/2024 19:00,1
4/9/2024 8:00,43
4/9/2024 9:00,64
4/9/2024 10:00,105
4/9/2024 11:00,79
4/9/2024 12:00,72
4/9/2024 13:00,56
4/9/2024 14:00,81
4/9/2024 15:00,53
4/9/2024 16:00,31
4/10/2024 5:00,2
4/10/2024 8:00,35
4/10/2024 9:00,65
4/10/2024 10:00,89
4/10/2024 11:00,58
4/10/2024 12:00,27
4/10/2024 13:00,83
4/10/2024 14:00,88
4/10/2024 15:00,56
4/10/2024 16:00,33
4/11/2024 8:00,37
4/11/2024 9:00,47
4/11/2024 10:00,34
4/11/2024 11:00,36
4/11/2024 12:00,19
4/11/2024 13:00,42
4/11/2024 14:00,40
4/11/2024 15:00,41
4/11/2024 16:00,25
4/11/2024 17:00,1
4/12/2024 8:00,43
4/12/2024 9:00,55
4/12/2024 10:00,42
4/12/2024 11:00,41
4/12/2024 12:00,28
4/12/2024 13:00,45
4/12/2024 14:00,55
4/12/2024 15:00,25
4/12/2024 16:00,29
4/15/2024 8:00,48
4/15/2024 9:00,61
4/15/2024 10:00,74
4/15/2024 11:00,55
4/15/2024 12:00,35
4/15/2024 13:00,69
4/15/2024 14:00,58
4/15/2024 15:00,35
4/15/2024 16:00,32
4/16/2024 8:00,35
4/16/2024 9:00,47
4/16/2024 10:00,44
4/16/2024 11:00,42
4/16/2024 12:00,22
4/16/2024 13:00,33
4/16/2024 14:00,49
4/16/2024 15:00,52
4/16/2024 16:00,33
4/16/2024 17:00,1
4/16/2024 18:00,1
4/17/2024 8:00,19
4/17/2024 9:00,36
4/17/2024 10:00,43
4/17/2024 11:00,77
4/17/2024 12:00,40
4/17/2024 13:00,49
4/17/2024 14:00,29
4/17/2024 15:00,43
4/17/2024 16:00,33
4/17/2024 20:00,1
4/18/2024 8:00,22
4/18/2024 9:00,24
4/18/2024 10:00,54
4/18/2024 11:00,50
4/18/2024 12:00,18
4/18/2024 13:00,35
4/18/2024 14:00,32
4/18/2024 15:00,34
4/18/2024 16:00,8
4/19/2024 8:00,27
4/19/2024 9:00,26
4/19/2024 10:00,41
4/19/2024 11:00,26
4/19/2024 12:00,24
4/19/2024 13:00,37
4/19/2024 14:00,43
4/19/2024 15:00,28
4/19/2024 16:00,19
4/22/2024 8:00,32
4/22/2024 9:00,47
4/22/2024 10:00,61
4/22/2024 11:00,63
4/22/2024 12:00,33
4/22/2024 13:00,43
4/22/2024 14:00,48
4/22/2024 15:00,52
4/22/2024 16:00,23
4/23/2024 8:00,14
4/23/2024 9:00,48
4/23/2024 10:00,25
4/23/2024 11:00,56
4/23/2024 12:00,23
4/23/2024 13:00,29
4/23/2024 14:00,63
4/23/2024 15:00,43
4/23/2024 16:00,30
4/23/2024 17:00,1
4/24/2024 8:00,21
4/24/2024 9:00,45
4/24/2024 10:00,41
4/24/2024 11:00,28
4/24/2024 12:00,20
4/24/2024 13:00,17
4/24/2024 14:00,19
4/24/2024 15:00,48
4/24/2024 16:00,19
4/24/2024 17:00,1
4/25/2024 8:00,23
4/25/2024 9:00,36
4/25/2024 10:00,41
4/25/2024 11:00,32
4/25/2024 12:00,25
4/25/2024 13:00,38
4/25/2024 14:00,57
4/25/2024 15:00,28
4/25/2024 16:00,19
4/26/2024 8:00,24
4/26/2024 9:00,27
4/26/2024 10:00,30
4/26/2024 11:00,20
4/26/2024 12:00,37
4/26/2024 13:00,39
4/26/2024 14:00,50
4/26/2024 15:00,26
4/26/2024 16:00,15
4/29/2024 8:00,28
4/29/2024 9:00,58
4/29/2024 10:00,56
4/29/2024 11:00,50
4/29/2024 12:00,31
4/29/2024 13:00,39
4/29/2024 14:00,54
4/29/2024 15:00,32
4/29/2024 16:00,33
4/30/2024 8:00,40
4/30/2024 9:00,34
4/30/2024 10:00,45
4/30/2024 11:00,35
4/30/2024 12:00,36
4/30/2024 13:00,58
4/30/2024 14:00,67
4/30/2024 15:00,46
4/30/2024 16:00,23
5/1/2024 8:00,25
5/1/2024 9:00,25
5/1/2024 10:00,43
5/1/2024 11:00,46
5/1/2024 12:00,39
5/1/2024 13:00,25
5/1/2024 14:00,41
5/1/2024 15:00,25
5/1/2024 16:00,17
5/2/2024 8:00,11
5/2/2024 9:00,16
5/2/2024 10:00,20
5/2/2024 11:00,31
5/2/2024 12:00,34
5/2/2024 13:00,17
5/2/2024 14:00,24
5/2/2024 15:00,22
5/2/2024 16:00,19
5/3/2024 8:00,28
5/3/2024 9:00,31
5/3/2024 10:00,24
5/3/2024 11:00,45
5/3/2024 12:00,32
5/3/2024 13:00,49
5/3/2024 14:00,52
5/3/2024 15:00,28
5/3/2024 16:00,11
5/3/2024 18:00,1
5/6/2024 8:00,14
5/6/2024 9:00,18
5/6/2024 10:00,49
5/6/2024 11:00,32
5/6/2024 12:00,26
5/6/2024 13:00,58
5/6/2024 14:00,71
5/6/2024 15:00,67
5/6/2024 16:00,51
5/7/2024 8:00,19
5/7/2024 9:00,37
5/7/2024 10:00,29
5/7/2024 11:00,33
5/7/2024 12:00,15
5/7/2024 13:00,21
5/7/2024 14:00,31
5/7/2024 15:00,19
5/7/2024 16:00,25
5/8/2024 8:00,23
5/8/2024 9:00,26
5/8/2024 10:00,12
5/8/2024 11:00,19
5/8/2024 12:00,22
5/8/2024 13:00,22
5/8/2024 14:00,31
5/8/2024 15:00,22
5/8/2024 16:00,22
5/9/2024 8:00,13
5/9/2024 9:00,18
5/9/2024 10:00,28
5/9/2024 11:00,17
5/9/2024 12:00,22
5/9/2024 13:00,31
5/9/2024 14:00,32
5/9/2024 15:00,27
5/9/2024 16:00,20
5/9/2024 21:00,1
5/10/2024 8:00,20
5/10/2024 9:00,26
5/10/2024 10:00,20
5/10/2024 11:00,32
5/10/2024 12:00,30
5/10/2024 13:00,25
5/10/2024 14:00,21
5/10/2024 15:00,8
5/10/2024 16:00,24
5/13/2024 8:00,18
5/13/2024 9:00,41
5/13/2024 10:00,34
5/13/2024 11:00,18
5/13/2024 12:00,38
5/13/2024 13:00,54
5/13/2024 14:00,40
5/13/2024 15:00,60
5/13/2024 16:00,10
5/13/2024 19:00,1
5/14/2024 8:00,6
5/14/2024 9:00,20
5/14/2024 10:00,32
5/14/2024 11:00,34
5/14/2024 12:00,34
5/14/2024 13:00,21
5/14/2024 14:00,40
5/14/2024 15:00,29
5/14/2024 16:00,10
5/14/2024 20:00,1
5/15/2024 8:00,23
5/15/2024 9:00,26
5/15/2024 10:00,22
5/15/2024 11:00,21
5/15/2024 12:00,8
5/15/2024 13:00,24
5/15/2024 14:00,17
5/15/2024 15:00,21
5/15/2024 16:00,11
5/16/2024 8:00,7
5/16/2024 9:00,10
5/16/2024 10:00,16
5/16/2024 11:00,10
5/16/2024 12:00,13
5/16/2024 13:00,11
5/16/2024 14:00,9
5/16/2024 15:00,13
5/16/2024 16:00,11
5/17/2024 8:00,13
5/17/2024 9:00,19
5/17/2024 10:00,31
5/17/2024 11:00,20
5/17/2024 12:00,16
5/17/2024 13:00,30
5/17/2024 14:00,19
5/17/2024 15:00,21
5/17/2024 16:00,8
5/20/2024 8:00,17
5/20/2024 9:00,44
5/20/2024 10:00,50
5/20/2024 11:00,58
5/20/2024 12:00,31
5/20/2024 13:00,32
5/20/2024 14:00,16
5/20/2024 15:00,40
5/20/2024 16:00,17
5/20/2024 17:00,1
5/21/2024 8:00,25
5/21/2024 9:00,30
5/21/2024 10:00,30
5/21/2024 11:00,35
5/21/2024 12:00,11
5/21/2024 13:00,16
5/21/2024 14:00,14
5/21/2024 15:00,30
5/21/2024 16:00,17
5/21/2024 18:00,1
5/21/2024 19:00,1
5/22/2024 8:00,14
5/22/2024 9:00,14
5/22/2024 10:00,24
5/22/2024 11:00,17
5/22/2024 12:00,14
5/22/2024 13:00,12
5/22/2024 14:00,10
5/22/2024 15:00,15
5/22/2024 16:00,16
5/23/2024 8:00,14
5/23/2024 9:00,15
5/23/2024 10:00,26
5/23/2024 11:00,9
5/23/2024 12:00,19
5/23/2024 13:00,56
5/23/2024 14:00,32
5/23/2024 15:00,11
5/23/2024 16:00,13
5/24/2024 8:00,11
5/24/2024 9:00,3
5/24/2024 10:00,23
5/24/2024 11:00,18
5/24/2024 12:00,22
5/24/2024 13:00,42
5/24/2024 14:00,25
5/24/2024 15:00,45
5/24/2024 16:00,14
5/24/2024 18:00,1
5/28/2024 8:00,14
5/28/2024 9:00,22
5/28/2024 10:00,24
5/28/2024 11:00,22
5/28/2024 12:00,2
5/28/2024 13:00,20
5/28/2024 14:00,13
5/28/2024 15:00,7
5/28/2024 16:00,11
5/29/2024 8:00,13
5/29/2024 9:00,22
5/29/2024 10:00,15
5/29/2024 11:00,24
5/29/2024 12:00,21
5/29/2024 13:00,9
5/29/2024 14:00,16
5/29/2024 15:00,15
5/29/2024 16:00,4
5/30/2024 8:00,5
5/30/2024 9:00,24
5/30/2024 10:00,7
5/30/2024 11:00,21
5/30/2024 12:00,7
5/30/2024 13:00,27
5/30/2024 14:00,12
5/30/2024 15:00,31
5/30/2024 16:00,12
5/30/2024 18:00,1
5/31/2024 8:00,17
5/31/2024 9:00,12
5/31/2024 10:00,31
5/31/2024 11:00,23
5/31/2024 12:00,17
5/31/2024 13:00,17
5/31/2024 14:00,11
5/31/2024 15:00,13
5/31/2024 16:00,7
6/3/2024 8:00,17
6/3/2024 9:00,20
6/3/2024 10:00,25
6/3/2024 11:00,11
6/3/2024 12:00,17
6/3/2024 13:00,33
6/3/2024 14:00,28
6/3/2024 15:00,18
6/3/2024 16:00,14
6/3/2024 17:00,1
6/3/2024 18:00,1
6/4/2024 8:00,3
6/4/2024 9:00,21
6/4/2024 10:00,24
6/4/2024 11:00,13
6/4/2024 12:00,6
6/4/2024 13:00,18
6/4/2024 14:00,18
6/4/2024 15:00,13
6/4/2024 16:00,16
6/5/2024 8:00,6
6/5/2024 9:00,15
6/5/2024 10:00,10
6/5/2024 11:00,16
6/5/2024 12:00,5
6/5/2024 13:00,21
6/5/2024 14:00,20
6/5/2024 15:00,11
6/5/2024 16:00,15
6/5/2024 17:00,1
6/5/2024 19:00,1
6/6/2024 8:00,14
6/6/2024 9:00,7
6/6/2024 10:00,13
6/6/2024 11:00,15
6/6/2024 12:00,14
6/6/2024 13:00,17
6/6/2024 14:00,19
6/6/2024 15:00,3
6/6/2024 16:00,4
6/6/2024 20:00,1
6/7/2024 8:00,11
6/7/2024 9:00,14
6/7/2024 10:00,15
6/7/2024 11:00,29
6/7/2024 12:00,7
6/7/2024 13:00,9
6/7/2024 14:00,19
6/7/2024 15:00,10
6/7/2024 16:00,6
6/7/2024 17:00,1
6/10/2024 8:00,3
6/10/2024 9:00,10
6/10/2024 10:00,30
6/10/2024 11:00,22
6/10/2024 12:00,20
6/10/2024 13:00,18
6/10/2024 14:00,16
6/10/2024 15:00,8
6/10/2024 16:00,8
6/11/2024 8:00,10
6/11/2024 9:00,9
6/11/2024 10:00,21
6/11/2024 11:00,18
6/11/2024 12:00,17
6/11/2024 13:00,16
6/11/2024 14:00,22
6/11/2024 15:00,29
6/11/2024 16:00,16
6/11/2024 17:00,1
6/11/2024 18:00,1
6/12/2024 8:00,16
6/12/2024 9:00,22
6/12/2024 10:00,40
6/12/2024 11:00,43
6/12/2024 12:00,41
6/12/2024 13:00,23
6/12/2024 14:00,25
6/12/2024 15:00,46
6/12/2024 16:00,17
6/13/2024 8:00,22
6/13/2024 9:00,19
6/13/2024 10:00,19
6/13/2024 11:00,42
6/13/2024 12:00,9
6/13/2024 13:00,16
6/13/2024 14:00,61
6/13/2024 15:00,30
6/13/2024 16:00,20
6/14/2024 8:00,25
6/14/2024 9:00,15
6/14/2024 10:00,18
6/14/2024 11:00,11
6/14/2024 12:00,16
6/14/2024 13:00,31
6/14/2024 14:00,35
6/14/2024 15:00,16
6/14/2024 16:00,11
6/17/2024 8:00,17
6/17/2024 9:00,21
6/17/2024 10:00,15
6/17/2024 11:00,25
6/17/2024 12:00,21
6/17/2024 13:00,30
6/17/2024 14:00,29
6/17/2024 15:00,15
6/17/2024 16:00,11
6/18/2024 8:00,8
6/18/2024 9:00,21
6/18/2024 10:00,14
6/18/2024 11:00,24
6/18/2024 12:00,15
6/18/2024 13:00,18
6/18/2024 14:00,10
6/18/2024 15:00,15
6/18/2024 16:00,11
6/18/2024 19:00,1
6/19/2024 9:00,1
6/19/2024 10:00,1
6/19/2024 11:00,1
6/19/2024 18:00,2
6/20/2024 8:00,43
6/20/2024 9:00,33
6/20/2024 10:00,15
6/20/2024 11:00,25
6/20/2024 12:00,9
6/20/2024 13:00,23
6/20/2024 14:00,47
6/20/2024 15:00,11
6/20/2024 16:00,6
6/21/2024 8:00,5
6/21/2024 9:00,8
6/21/2024 10:00,18
6/21/2024 11:00,7
6/21/2024 12:00,6
6/21/2024 13:00,20
6/21/2024 14:00,20
6/21/2024 15:00,14
6/21/2024 16:00,13
6/24/2024 8:00,9
6/24/2024 9:00,15
6/24/2024 10:00,33
6/24/2024 11:00,10
6/24/2024 12:00,14
6/24/2024 13:00,18
6/24/2024 14:00,36
6/24/2024 15:00,15
6/24/2024 16:00,42
6/24/2024 19:00,1
6/25/2024 8:00,5
6/25/2024 9:00,10
6/25/2024 10:00,13
6/25/2024 11:00,17
6/25/2024 12:00,33
6/25/2024 13:00,31
6/25/2024 14:00,17
6/25/2024 15:00,24
6/25/2024 16:00,10
6/25/2024 17:00,1
6/26/2024 8:00,11
6/26/2024 9:00,7
6/26/2024 10:00,27
6/26/2024 11:00,15
6/26/2024 12:00,20
6/26/2024 13:00,23
6/26/2024 14:00,26
6/26/2024 15:00,23
6/26/2024 16:00,12
6/27/2024 8:00,12
6/27/2024 9:00,8
6/27/2024 10:00,14
6/27/2024 11:00,15
6/27/2024 12:00,11
6/27/2024 13:00,10
6/27/2024 14:00,18
6/27/2024 15:00,14
6/27/2024 16:00,10
6/28/2024 8:00,7
6/28/2024 9:00,7
6/28/2024 10:00,7
6/28/2024 11:00,16
6/28/2024 12:00,33
6/28/2024 13:00,9
6/28/2024 14:00,37
6/28/2024 15:00,22
6/28/2024 16:00,9
7/1/2024 8:00,17
7/1/2024 9:00,21
7/1/2024 10:00,22
7/1/2024 11:00,11
7/1/2024 12:00,10
7/1/2024 13:00,10
7/1/2024 14:00,32
7/1/2024 15:00,17
7/1/2024 16:00,11
7/2/2024 8:00,10
7/2/2024 9:00,14
7/2/2024 10:00,16
7/2/2024 11:00,23
7/2/2024 12:00,29
7/2/2024 13:00,22
7/2/2024 14:00,9
7/2/2024 15:00,14
7/2/2024 16:00,11
7/3/2024 8:00,15
7/3/2024 9:00,24
7/3/2024 10:00,13
7/3/2024 11:00,13
7/3/2024 12:00,11
7/3/2024 13:00,6
7/3/2024 14:00,13
7/3/2024 15:00,13
7/3/2024 16:00,7
7/4/2024 8:00,2
7/4/2024 9:00,1
7/4/2024 13:00,1
7/4/2024 14:00,2
7/4/2024 16:00,2
7/5/2024 8:00,10
7/5/2024 9:00,9
7/5/2024 10:00,10
7/5/2024 11:00,28
7/5/2024 12:00,25
7/5/2024 13:00,17
7/5/2024 14:00,25
7/5/2024 15:00,6
7/5/2024 16:00,19
7/8/2024 8:00,15
7/8/2024 9:00,22
7/8/2024 10:00,45
7/8/2024 11:00,55
7/8/2024 12:00,25
7/8/2024 13:00,39
7/8/2024 14:00,24
7/8/2024 15:00,15
7/8/2024 16:00,8
7/9/2024 7:00,3
7/9/2024 8:00,18
7/9/2024 9:00,8
7/9/2024 10:00,23
7/9/2024 11:00,24
7/9/2024 12:00,10
7/9/2024 13:00,17
7/9/2024 14:00,18
7/9/2024 15:00,28
7/9/2024 16:00,9
7/10/2024 8:00,12
7/10/2024 9:00,11
7/10/2024 10:00,17
7/10/2024 11:00,13
7/10/2024 12:00,15
7/10/2024 13:00,26
7/10/2024 14:00,13
7/10/2024 15:00,20
7/10/2024 16:00,7
7/11/2024 8:00,10
7/11/2024 9:00,17
7/11/2024 10:00,12
7/11/2024 11:00,15
7/11/2024 12:00,20
7/11/2024 13:00,20
7/11/2024 14:00,18
7/11/2024 15:00,33
7/11/2024 16:00,11
7/12/2024 8:00,10
7/12/2024 9:00,16
7/12/2024 10:00,22
7/12/2024 11:00,26
7/12/2024 12:00,18
7/12/2024 13:00,5
7/12/2024 14:00,22
7/12/2024 15:00,2
7/12/2024 16:00,4
7/15/2024 8:00,17
7/15/2024 9:00,16
7/15/2024 10:00,20
7/15/2024 11:00,22
7/15/2024 12:00,4
7/15/2024 13:00,9
7/15/2024 14:00,28
7/15/2024 15:00,21
7/15/2024 16:00,14
7/16/2024 8:00,16
7/16/2024 9:00,14
7/16/2024 10:00,13
7/16/2024 11:00,5
7/16/2024 12:00,7
7/16/2024 13:00,12
7/16/2024 14:00,21
7/16/2024 15:00,10
7/16/2024 16:00,7
7/17/2024 7:00,1
7/17/2024 8:00,15
7/17/2024 9:00,14
7/17/2024 10:00,37
7/17/2024 11:00,5
7/17/2024 12:00,181
7/17/2024 13:00,28
7/17/2024 14:00,14
7/17/2024 15:00,20
7/17/2024 16:00,7
7/18/2024 8:00,18
7/18/2024 9:00,9
7/18/2024 10:00,27
7/18/2024 11:00,18
7/18/2024 12:00,22
7/18/2024 13:00,65
7/18/2024 14:00,23
7/18/2024 15:00,17
7/18/2024 16:00,11
7/18/2024 17:00,1
7/19/2024 8:00,15
7/19/2024 9:00,22
7/19/2024 10:00,14
7/19/2024 11:00,19
7/19/2024 12:00,10
7/19/2024 13:00,6
7/19/2024 14:00,15
7/19/2024 15:00,10
7/19/2024 16:00,7
7/19/2024 23:00,2
7/22/2024 8:00,14
7/22/2024 9:00,17
7/22/2024 10:00,19
7/22/2024 11:00,11
7/22/2024 12:00,10
7/22/2024 13:00,25
7/22/2024 14:00,16
7/22/2024 15:00,18
7/22/2024 16:00,16
7/23/2024 8:00,6
7/23/2024 9:00,8
7/23/2024 10:00,19
7/23/2024 11:00,16
7/23/2024 12:00,15
7/23/2024 13:00,26
7/23/2024 14:00,23
7/23/2024 15:00,15
7/23/2024 16:00,14
7/24/2024 8:00,9
7/24/2024 9:00,22
7/24/2024 10:00,26
7/24/2024 11:00,16
7/24/2024 12:00,11
7/24/2024 13:00,17
7/24/2024 14:00,21
7/24/2024 15:00,8
7/24/2024 16:00,11
7/25/2024 6:00,1
7/25/2024 8:00,8
7/25/2024 9:00,6
7/25/2024 10:00,26
7/25/2024 11:00,16
7/25/2024 12:00,20
7/25/2024 13:00,13
7/25/2024 14:00,15
7/25/2024 15:00,16
7/25/2024 16:00,6
7/26/2024 8:00,10
7/26/2024 9:00,18
7/26/2024 10:00,12
7/26/2024 11:00,15
7/26/2024 12:00,7
7/26/2024 13:00,29
7/26/2024 14:00,22
7/26/2024 15:00,9
7/26/2024 16:00,6
7/26/2024 18:00,1
7/29/2024 8:00,8
7/29/2024 9:00,15
7/29/2024 10:00,21
7/29/2024 11:00,19
7/29/2024 12:00,11
7/29/2024 13:00,20
7/29/2024 14:00,18
7/29/2024 15:00,17
7/29/2024 16:00,12
7/30/2024 8:00,12
7/30/2024 9:00,13
7/30/2024 10:00,14
7/30/2024 11:00,10
7/30/2024 12:00,6
7/30/2024 13:00,8
7/30/2024 14:00,13
7/30/2024 15:00,19
7/30/2024 16:00,9
7/31/2024 8:00,5
7/31/2024 9:00,19
7/31/2024 10:00,18
7/31/2024 11:00,17
7/31/2024 12:00,7
7/31/2024 13:00,10
7/31/2024 14:00,10
7/31/2024 15:00,14
7/31/2024 16:00,12
8/1/2024 8:00,5
8/1/2024 9:00,14
8/1/2024 10:00,19
8/1/2024 11:00,7
8/1/2024 12:00,7
8/1/2024 13:00,19
8/1/2024 14:00,15
8/1/2024 15:00,17
8/1/2024 16:00,6
8/2/2024 8:00,15
8/2/2024 9:00,19
8/2/2024 10:00,17
8/2/2024 11:00,18
8/2/2024 12:00,8
8/2/2024 13:00,18
8/2/2024 14:00,9
8/2/2024 15:00,23
8/2/2024 16:00,13
8/2/2024 22:00,2
8/5/2024 8:00,9
8/5/2024 9:00,12
8/5/2024 10:00,16
8/5/2024 11:00,7
8/5/2024 12:00,4
8/5/2024 13:00,6
8/5/2024 14:00,18
8/5/2024 15:00,9
8/5/2024 16:00,5
8/6/2024 8:00,6
8/6/2024 9:00,11
8/6/2024 10:00,15
8/6/2024 11:00,14
8/6/2024 12:00,11
8/6/2024 13:00,18
8/6/2024 14:00,20
8/6/2024 15:00,9
8/6/2024 16:00,2
8/7/2024 8:00,6
8/7/2024 9:00,6
8/7/2024 10:00,18
8/7/2024 11:00,17
8/7/2024 12:00,6
8/7/2024 13:00,7
8/7/2024 14:00,13
8/7/2024 15:00,7
8/7/2024 16:00,6
8/8/2024 8:00,3
8/8/2024 9:00,5
8/8/2024 10:00,13
8/8/2024 11:00,12
8/8/2024 12:00,8
8/8/2024 13:00,7
8/8/2024 14:00,16
8/8/2024 15:00,12
8/8/2024 16:00,3
8/9/2024 8:00,8
8/9/2024 9:00,8
8/9/2024 10:00,12
8/9/2024 11:00,14
8/9/2024 12:00,11
8/9/2024 13:00,4
8/9/2024 14:00,9
8/9/2024 15:00,16
8/9/2024 16:00,8
8/12/2024 8:00,4
8/12/2024 9:00,11
8/12/2024 10:00,8
8/12/2024 11:00,12
8/12/2024 12:00,10
8/12/2024 13:00,11
8/12/2024 14:00,11
8/12/2024 15:00,25
8/12/2024 16:00,3
8/13/2024 8:00,7
8/13/2024 9:00,11
8/13/2024 10:00,13
8/13/2024 11:00,15
8/13/2024 12:00,4
8/13/2024 13:00,5
8/13/2024 14:00,9
8/13/2024 15:00,5
8/13/2024 16:00,18
8/14/2024 7:00,1
8/14/2024 8:00,8
8/14/2024 9:00,8
8/14/2024 10:00,10
8/14/2024 11:00,6
8/14/2024 12:00,4
8/14/2024 13:00,17
8/14/2024 14:00,21
8/14/2024 15:00,24
8/14/2024 16:00,9
8/15/2024 6:00,1
8/15/2024 8:00,7
8/15/2024 9:00,18
8/15/2024 10:00,7
8/15/2024 11:00,16
8/15/2024 12:00,8
8/15/2024 13:00,17
8/15/2024 14:00,11
8/15/2024 15:00,9
8/15/2024 16:00,11
8/16/2024 8:00,4
8/16/2024 9:00,9
8/16/2024 10:00,8
8/16/2024 11:00,14
8/16/2024 12:00,8
8/16/2024 13:00,13
8/16/2024 14:00,14
8/16/2024 15:00,10
8/16/2024 16:00,6
8/19/2024 8:00,11
8/19/2024 9:00,11
8/19/2024 10:00,7
8/19/2024 11:00,8
8/19/2024 12:00,15
8/19/2024 13:00,8
8/19/2024 14:00,14
8/19/2024 15:00,11
8/19/2024 16:00,3
8/20/2024 8:00,13
8/20/2024 9:00,10
8/20/2024 10:00,33
8/20/2024 11:00,7
8/20/2024 12:00,14
8/20/2024 13:00,9
8/20/2024 14:00,14
8/20/2024 15:00,12
8/20/2024 16:00,3
8/21/2024 8:00,3
8/21/2024 9:00,14
8/21/2024 10:00,9
8/21/2024 11:00,22
8/21/2024 12:00,8
8/21/2024 13:00,24
8/21/2024 14:00,25
8/21/2024 15:00,33
8/21/2024 16:00,5
8/22/2024 8:00,10
8/22/2024 9:00,8
8/22/2024 10:00,15
8/22/2024 11:00,15
8/22/2024 12:00,17
8/22/2024 13:00,8
8/22/2024 14:00,13
8/22/2024 15:00,10
8/22/2024 16:00,2
8/23/2024 8:00,7
8/23/2024 9:00,3
8/23/2024 10:00,14
8/23/2024 11:00,9
8/23/2024 12:00,11
8/23/2024 13:00,17
8/23/2024 14:00,7
8/23/2024 15:00,7
8/23/2024 16:00,8
8/26/2024 8:00,11
8/26/2024 9:00,13
8/26/2024 10:00,16
8/26/2024 11:00,24
8/26/2024 12:00,5
8/26/2024 13:00,22
8/26/2024 14:00,8
8/26/2024 15:00,7
8/26/2024 16:00,14
8/27/2024 8:00,6
8/27/2024 9:00,20
8/27/2024 10:00,7
8/27/2024 11:00,9
8/27/2024 12:00,7
8/27/2024 13:00,11
8/27/2024 14:00,21
8/27/2024 15:00,13
8/27/2024 16:00,6
8/28/2024 8:00,6
8/28/2024 9:00,10
8/28/2024 10:00,14
8/28/2024 11:00,15
8/28/2024 12:00,15
8/28/2024 13:00,24
8/28/2024 14:00,9
8/28/2024 15:00,12
8/28/2024 16:00,16
8/29/2024 8:00,6
8/29/2024 9:00,7
8/29/2024 10:00,8
8/29/2024 11:00,6
8/29/2024 12:00,3
8/29/2024 13:00,18
8/29/2024 14:00,20
8/29/2024 15:00,25
8/29/2024 16:00,16
8/29/2024 18:00,1
8/30/2024 8:00,10
8/30/2024 9:00,6
8/30/2024 10:00,9
8/30/2024 11:00,11
8/30/2024 12:00,9
8/30/2024 13:00,17
8/30/2024 14:00,16
8/30/2024 15:00,10
8/30/2024 16:00,9
9/3/2024 8:00,17
9/3/2024 9:00,15
9/3/2024 10:00,25
9/3/2024 11:00,11
9/3/2024 12:00,6
9/3/2024 13:00,13
9/3/2024 14:00,17
9/3/2024 15:00,13
9/3/2024 16:00,10
9/4/2024 8:00,5
9/4/2024 9:00,10
9/4/2024 10:00,13
9/4/2024 11:00,9
9/4/2024 12:00,7
9/4/2024 13:00,16
9/4/2024 14:00,13
9/4/2024 15:00,7
9/4/2024 16:00,9
9/5/2024 8:00,12
9/5/2024 9:00,12
9/5/2024 10:00,6
9/5/2024 11:00,15
9/5/2024 12:00,2
9/5/2024 13:00,5
9/5/2024 14:00,10
9/5/2024 15:00,9
9/5/2024 16:00,7
9/6/2024 8:00,4
9/6/2024 9:00,13
9/6/2024 10:00,8
9/6/2024 11:00,10
9/6/2024 12:00,6
9/6/2024 13:00,17
9/6/2024 14:00,13
9/6/2024 15:00,16
9/6/2024 16:00,6
9/9/2024 8:00,11
9/9/2024 9:00,20
9/9/2024 10:00,22
9/9/2024 11:00,18
9/9/2024 12:00,15
9/9/2024 13:00,16
9/9/2024 14:00,18
9/9/2024 15:00,25
9/9/2024 16:00,5
9/9/2024 17:00,1
9/10/2024 8:00,10
9/10/2024 9:00,21
9/10/2024 10:00,20
9/10/2024 11:00,13
9/10/2024 12:00,10
9/10/2024 13:00,14
9/10/2024 14:00,16
9/10/2024 15:00,18
9/10/2024 16:00,21
9/11/2024 8:00,10
9/11/2024 9:00,15
9/11/2024 10:00,20
9/11/2024 11:00,14
9/11/2024 12:00,6
9/11/2024 13:00,9
9/11/2024 14:00,8
9/11/2024 15:00,8
9/11/2024 16:00,7
9/12/2024 8:00,12
9/12/2024 9:00,12
9/12/2024 10:00,13
9/12/2024 11:00,11
9/12/2024 12:00,7
9/12/2024 13:00,9
9/12/2024 14:00,13
9/12/2024 15:00,4
9/12/2024 16:00,7
9/13/2024 8:00,2
9/13/2024 9:00,9
9/13/2024 10:00,18
9/13/2024 11:00,18
9/13/2024 12:00,11
9/13/2024 13:00,15
9/13/2024 14:00,9
9/13/2024 15:00,12
9/13/2024 16:00,4
9/16/2024 8:00,5
9/16/2024 9:00,8
9/16/2024 10:00,18
9/16/2024 11:00,8
9/16/2024 12:00,13
9/16/2024 13:00,4
9/16/2024 14:00,3
9/16/2024 15:00,8
9/16/2024 16:00,14
9/17/2024 8:00,9
9/17/2024 9:00,16
9/17/2024 10:00,20
9/17/2024 11:00,3
9/17/2024 12:00,6
9/17/2024 13:00,12
9/17/2024 14:00,10
9/17/2024 15:00,6
9/17/2024 16:00,7
9/17/2024 17:00,1
9/18/2024 8:00,6
9/18/2024 9:00,16
9/18/2024 10:00,9
9/18/2024 11:00,7
9/18/2024 12:00,13
9/18/2024 13:00,14
9/18/2024 14:00,5
9/18/2024 15:00,9
9/18/2024 16:00,4
9/19/2024 8:00,4
9/19/2024 9:00,8
9/19/2024 10:00,14
9/19/2024 11:00,8
9/19/2024 12:00,9
9/19/2024 13:00,19
9/19/2024 14:00,14
9/19/2024 15:00,8
9/19/2024 16:00,8
9/20/2024 8:00,8
9/20/2024 9:00,11
9/20/2024 10:00,13
9/20/2024 11:00,11
9/20/2024 12:00,6
9/20/2024 13:00,6
9/20/2024 14:00,11
9/20/2024 15:00,6
9/20/2024 16:00,1
9/23/2024 8:00,6
9/23/2024 9:00,10
9/23/2024 10:00,14
9/23/2024 11:00,13
9/23/2024 12:00,8
9/23/2024 13:00,10
9/23/2024 14:00,19
9/23/2024 15:00,13
9/23/2024 16:00,11
9/24/2024 8:00,4
9/24/2024 9:00,11
9/24/2024 10:00,6
9/24/2024 11:00,6
9/24/2024 12:00,7
9/24/2024 13:00,9
9/24/2024 14:00,15
9/24/2024 15:00,12
9/24/2024 16:00,8
9/24/2024 18:00,1
9/25/2024 8:00,5
9/25/2024 9:00,7
9/25/2024 10:00,20
9/25/2024 11:00,14
9/25/2024 12:00,3
9/25/2024 13:00,17
9/25/2024 14:00,14
9/25/2024 15:00,10
9/25/2024 16:00,6
9/26/2024 7:00,2
9/26/2024 8:00,8
9/26/2024 9:00,6
9/26/2024 10:00,15
9/26/2024 11:00,8
9/26/2024 12:00,10
9/26/2024 13:00,18
9/26/2024 14:00,13
9/26/2024 15:00,10
9/26/2024 16:00,6
9/27/2024 7:00,1
9/27/2024 8:00,11
9/27/2024 9:00,3
9/27/2024 10:00,25
9/27/2024 11:00,9
9/27/2024 12:00,14
9/27/2024 13:00,25
9/27/2024 14:00,24
9/27/2024 15:00,2
9/27/2024 16:00,9
9/30/2024 7:00,3
9/30/2024 8:00,9
9/30/2024 9:00,16
9/30/2024 10:00,13
9/30/2024 11:00,11
9/30/2024 12:00,3
9/30/2024 13:00,12
9/30/2024 14:00,20
9/30/2024 15:00,15
9/30/2024 16:00,16
9/30/2024 17:00,1
10/1/2024 7:00,1
10/1/2024 8:00,3
10/1/2024 9:00,15
10/1/2024 10:00,27
10/1/2024 11:00,23
10/1/2024 12:00,8
10/1/2024 13:00,12
10/1/2024 14:00,8
10/1/2024 15:00,7
10/1/2024 16:00,3
10/2/2024 5:00,1
10/2/2024 8:00,9
10/2/2024 9:00,18
10/2/2024 10:00,14
10/2/2024 11:00,20
10/2/2024 12:00,9
10/2/2024 13:00,11
10/2/2024 14:00,14
10/2/2024 15:00,6
10/2/2024 16:00,8
10/3/2024 8:00,18
10/3/2024 9:00,10
10/3/2024 10:00,16
10/3/2024 11:00,15
10/3/2024 12:00,18
10/3/2024 13:00,28
10/3/2024 14:00,11
10/3/2024 15:00,13
10/3/2024 16:00,24
10/4/2024 8:00,8
10/4/2024 9:00,16
10/4/2024 10:00,12
10/4/2024 11:00,24
10/4/2024 12:00,5
10/4/2024 13:00,20
10/4/2024 14:00,4
10/4/2024 15:00,21
10/4/2024 16:00,7
10/7/2024 8:00,17
10/7/2024 9:00,7
10/7/2024 10:00,25
10/7/2024 11:00,27
10/7/2024 12:00,13
10/7/2024 13:00,15
10/7/2024 14:00,17
10/7/2024 15:00,10
10/7/2024 16:00,14
10/8/2024 8:00,7
10/8/2024 9:00,14
10/8/2024 10:00,14
10/8/2024 11:00,14
10/8/2024 12:00,14
10/8/2024 13:00,22
10/8/2024 14:00,16
10/8/2024 15:00,14
10/8/2024 16:00,4
10/9/2024 8:00,10
10/9/2024 9:00,23
10/9/2024 10:00,15
10/9/2024 11:00,38
10/9/2024 12:00,19
10/9/2024 13:00,9
10/9/2024 14:00,20
10/9/2024 15:00,18
10/9/2024 16:00,14
10/10/2024 8:00,4
10/10/2024 9:00,8
10/10/2024 10:00,18
10/10/2024 11:00,15
10/10/2024 12:00,8
10/10/2024 13:00,20
10/10/2024 14:00,19
10/10/2024 15:00,9
10/10/2024 16:00,7
10/10/2024 18:00,2
10/11/2024 8:00,25
10/11/2024 9:00,24
10/11/2024 10:00,17
10/11/2024 11:00,17
10/11/2024 12:00,18
10/11/2024 13:00,54
10/11/2024 14:00,16
10/11/2024 15:00,16
10/11/2024 16:00,14
10/14/2024 8:00,90
10/14/2024 9:00,69
10/14/2024 10:00,132
10/14/2024 11:00,86
10/14/2024 12:00,90
10/14/2024 13:00,112
10/14/2024 14:00,154
10/14/2024 15:00,46
10/14/2024 16:00,6
10/15/2024 8:00,12
10/15/2024 9:00,27
10/15/2024 10:00,20
10/15/2024 11:00,21
10/15/2024 12:00,15
10/15/2024 13:00,17
10/15/2024 14:00,17
10/15/2024 15:00,8
10/15/2024 16:00,7
10/16/2024 8:00,13
10/16/2024 9:00,14
10/16/2024 10:00,19
10/16/2024 11:00,20
10/16/2024 12:00,8
10/16/2024 13:00,16
10/16/2024 14:00,14
10/16/2024 15:00,13
10/16/2024 16:00,2
10/17/2024 2:00,1
10/17/2024 8:00,9
10/17/2024 9:00,18
10/17/2024 10:00,3
10/17/2024 11:00,11
10/17/2024 12:00,7
10/17/2024 13:00,16
10/17/2024 14:00,19
10/17/2024 15:00,16
10/17/2024 16:00,11
10/18/2024 8:00,8
10/18/2024 9:00,13
10/18/2024 10:00,24
10/18/2024 11:00,10
10/18/2024 12:00,9
10/18/2024 13:00,19
10/18/2024 14:00,22
10/18/2024 15:00,16
10/18/2024 16:00,6
10/21/2024 8:00,16
10/21/2024 9:00,17
10/21/2024 10:00,11
10/21/2024 11:00,19
10/21/2024 12:00,6
10/21/2024 13:00,24
10/21/2024 14:00,19
10/21/2024 15:00,18
10/21/2024 16:00,11
10/22/2024 8:00,13
10/22/2024 9:00,15
10/22/2024 10:00,12
10/22/2024 11:00,20
10/22/2024 12:00,15
10/22/2024 13:00,25
10/22/2024 14:00,14
10/22/2024 15:00,14
10/22/2024 16:00,8
10/23/2024 8:00,5
10/23/2024 9:00,11
10/23/2024 10:00,25
10/23/2024 11:00,14
10/23/2024 12:00,14
10/23/2024 13:00,15
10/23/2024 14:00,28
10/23/2024 15:00,12
10/23/2024 16:00,3
10/24/2024 8:00,7
10/24/2024 9:00,12
10/24/2024 10:00,25
10/24/2024 11:00,16
10/24/2024 12:00,11
10/24/2024 13:00,13
10/24/2024 14:00,19
10/24/2024 15:00,10
10/24/2024 16:00,9
10/25/2024 8:00,7
10/25/2024 9:00,10
10/25/2024 10:00,18
10/25/2024 11:00,15
10/25/2024 12:00,4
10/25/2024 13:00,14
10/25/2024 14:00,30
10/25/2024 15:00,14
10/25/2024 16:00,14
10/28/2024 8:00,23
10/28/2024 9:00,19
10/28/2024 10:00,11
10/28/2024 11:00,24
10/28/2024 12:00,28
10/28/2024 13:00,23
10/28/2024 14:00,25
10/28/2024 15:00,27
10/28/2024 16:00,13
10/29/2024 8:00,8
10/29/2024 9:00,14
10/29/2024 10:00,19
10/29/2024 11:00,11
10/29/2024 12:00,8
10/29/2024 13:00,13
10/29/2024 14:00,17
10/29/2024 15:00,17
10/29/2024 16:00,8
10/30/2024 8:00,13
10/30/2024 9:00,11
10/30/2024 10:00,12
10/30/2024 11:00,12
10/30/2024 12:00,9
10/30/2024 13:00,9
10/30/2024 14:00,10
10/30/2024 15:00,13
10/30/2024 16:00,5
10/31/2024 8:00,3
10/31/2024 9:00,7
10/31/2024 10:00,14
10/31/2024 11:00,12
10/31/2024 12:00,6
10/31/2024 13:00,19
10/31/2024 14:00,14
10/31/2024 15:00,8
10/31/2024 16:00,5
11/1/2024 7:00,1
11/1/2024 8:00,16
11/1/2024 9:00,10
11/1/2024 10:00,24
11/1/2024 11:00,14
11/1/2024 12:00,13
11/1/2024 13:00,10
11/1/2024 14:00,11
11/1/2024 15:00,12
11/1/2024 16:00,18
11/4/2024 8:00,51
11/4/2024 9:00,63
11/4/2024 10:00,45
11/4/2024 11:00,59
11/4/2024 12:00,28
11/4/2024 13:00,41
11/4/2024 14:00,30
11/4/2024 15:00,49
11/4/2024 16:00,32
11/5/2024 8:00,38
11/5/2024 9:00,59
11/5/2024 10:00,49
11/5/2024 11:00,48
11/5/2024 12:00,27
11/5/2024 13:00,51
11/5/2024 14:00,59
11/5/2024 15:00,38
11/5/2024 16:00,21
11/6/2024 8:00,29
11/6/2024 9:00,33
11/6/2024 10:00,41
11/6/2024 11:00,39
11/6/2024 12:00,18
11/6/2024 13:00,39
11/6/2024 14:00,44
11/6/2024 15:00,32
11/6/2024 16:00,21
11/7/2024 6:00,1
11/7/2024 8:00,29
11/7/2024 9:00,24
11/7/2024 10:00,23
11/7/2024 11:00,30
11/7/2024 12:00,19
11/7/2024 13:00,39
11/7/2024 14:00,24
11/7/2024 15:00,15
11/7/2024 16:00,6
11/8/2024 8:00,28
11/8/2024 9:00,59
11/8/2024 10:00,94
11/8/2024 11:00,57
11/8/2024 12:00,52
11/8/2024 13:00,63
11/8/2024 14:00,87
11/8/2024 15:00,51
11/8/2024 16:00,33
11/11/2024 8:00,20
11/11/2024 9:00,25
11/11/2024 10:00,72
11/11/2024 11:00,13
11/11/2024 12:00,8
11/11/2024 13:00,17
11/11/2024 14:00,14
11/11/2024 15:00,9
11/11/2024 16:00,3
11/12/2024 7:00,1
11/12/2024 8:00,37
11/12/2024 9:00,50
11/12/2024 10:00,44
11/12/2024 11:00,58
11/12/2024 12:00,31
11/12/2024 13:00,34
11/12/2024 14:00,31
11/12/2024 15:00,25
11/12/2024 16:00,16
11/13/2024 8:00,20
11/13/2024 9:00,33
11/13/2024 10:00,36
11/13/2024 11:00,25
11/13/2024 12:00,27
11/13/2024 13:00,22
11/13/2024 14:00,52
11/13/2024 15:00,16
11/13/2024 16:00,12
11/13/2024 19:00,1
11/14/2024 8:00,24
11/14/2024 9:00,28
11/14/2024 10:00,34
11/14/2024 11:00,22
11/14/2024 12:00,24
11/14/2024 13:00,26
11/14/2024 14:00,36
11/14/2024 15:00,24
11/14/2024 16:00,15
11/15/2024 8:00,27
11/15/2024 9:00,23
11/15/2024 10:00,30
11/15/2024 11:00,21
11/15/2024 12:00,20
11/15/2024 13:00,22
11/15/2024 14:00,28
11/15/2024 15:00,22
11/15/2024 16:00,7
11/18/2024 8:00,19
11/18/2024 9:00,30
11/18/2024 10:00,36
11/18/2024 11:00,14
11/18/2024 12:00,16
11/18/2024 13:00,7
11/18/2024 14:00,19
11/18/2024 15:00,31
11/18/2024 16:00,25
11/19/2024 8:00,19
11/19/2024 9:00,32
11/19/2024 10:00,20
11/19/2024 11:00,38
11/19/2024 12:00,15
11/19/2024 13:00,25
11/19/2024 14:00,27
11/19/2024 15:00,24
11/19/2024 16:00,12
11/20/2024 8:00,15
11/20/2024 9:00,23
11/20/2024 10:00,27
11/20/2024 11:00,47
11/20/2024 12:00,17
11/20/2024 13:00,33
11/20/2024 14:00,23
11/20/2024 15:00,26
11/20/2024 16:00,7
11/21/2024 8:00,16
11/21/2024 9:00,33
11/21/2024 10:00,32
11/21/2024 11:00,39
11/21/2024 12:00,18
11/21/2024 13:00,13
11/21/2024 14:00,31
11/21/2024 15:00,18
11/21/2024 16:00,12
11/22/2024 8:00,21
11/22/2024 9:00,23
11/22/2024 10:00,25
11/22/2024 11:00,21
11/22/2024 12:00,11
11/22/2024 13:00,9
11/22/2024 14:00,19
11/22/2024 15:00,20
11/22/2024 16:00,5
11/25/2024 8:00,17
11/25/2024 9:00,22
11/25/2024 10:00,41
11/25/2024 11:00,39
11/25/2024 12:00,17
11/25/2024 13:00,21
11/25/2024 14:00,40
11/25/2024 15:00,11
11/25/2024 16:00,20
11/26/2024 8:00,10
11/26/2024 9:00,16
11/26/2024 10:00,21
11/26/2024 11:00,33
11/26/2024 12:00,13
11/26/2024 13:00,26
11/26/2024 14:00,23
11/26/2024 15:00,23
11/26/2024 16:00,13
11/27/2024 8:00,19
11/27/2024 9:00,16
11/27/2024 10:00,13
11/27/2024 11:00,13
11/27/2024 12:00,10
11/27/2024 13:00,12
11/27/2024 14:00,20
11/27/2024 15:00,5
11/27/2024 16:00,12
11/28/2024 11:00,1
11/29/2024 8:00,4
11/29/2024 9:00,3
11/29/2024 10:00,6
11/29/2024 11:00,4
11/29/2024 12:00,2
11/29/2024 13:00,4
11/29/2024 14:00,7
11/29/2024 15:00,3
11/29/2024 16:00,1
12/2/2024 8:00,22
12/2/2024 9:00,44
12/2/2024 10:00,39
12/2/2024 11:00,21
12/2/2024 12:00,19
12/2/2024 13:00,36
12/2/2024 14:00,39
12/2/2024 15:00,11
12/2/2024 16:00,11
12/2/2024 18:00,1
12/3/2024 8:00,17
12/3/2024 9:00,31
12/3/2024 10:00,38
12/3/2024 11:00,29
12/3/2024 12:00,25
12/3/2024 13:00,36
12/3/2024 14:00,32
12/3/2024 15:00,13
12/3/2024 16:00,21
12/4/2024 8:00,14
12/4/2024 9:00,17
12/4/2024 10:00,26
12/4/2024 11:00,23
12/4/2024 12:00,35
12/4/2024 13:00,15
12/4/2024 14:00,26
12/4/2024 15:00,28
12/4/2024 16:00,10
12/5/2024 5:00,1
12/5/2024 8:00,11
12/5/2024 9:00,18
12/5/2024 10:00,20
12/5/2024 11:00,18
12/5/2024 12:00,15
12/5/2024 13:00,25
12/5/2024 14:00,34
12/5/2024 15:00,20
12/5/2024 16:00,8
12/6/2024 8:00,7
12/6/2024 9:00,45
12/6/2024 10:00,20
12/6/2024 11:00,18
12/6/2024 12:00,21
12/6/2024 13:00,12
12/6/2024 14:00,27
12/6/2024 15:00,12
12/6/2024 16:00,9
12/9/2024 3:00,1
12/9/2024 8:00,9
12/9/2024 9:00,26
12/9/2024 10:00,40
12/9/2024 11:00,18
12/9/2024 12:00,18
12/9/2024 13:00,32
12/9/2024 14:00,27
12/9/2024 15:00,13
12/9/2024 16:00,11
12/10/2024 8:00,16
12/10/2024 9:00,23
12/10/2024 10:00,35
12/10/2024 11:00,35
12/10/2024 12:00,3
12/10/2024 13:00,19
12/10/2024 14:00,23
12/10/2024 15:00,19
12/10/2024 16:00,8
12/11/2024 8:00,7
12/11/2024 9:00,12
12/11/2024 10:00,27
12/11/2024 11:00,19
12/11/2024 12:00,13
12/11/2024 13:00,29
12/11/2024 14:00,9
12/11/2024 15:00,18
12/11/2024 16:00,13
12/12/2024 8:00,4
12/12/2024 9:00,19
12/12/2024 10:00,19
12/12/2024 11:00,16
12/12/2024 12:00,9
12/12/2024 13:00,13
12/12/2024 14:00,7
12/12/2024 15:00,11
12/12/2024 16:00,3
12/13/2024 8:00,12
12/13/2024 9:00,6
12/13/2024 10:00,14
12/13/2024 11:00,16
12/13/2024 12:00,13
12/13/2024 13:00,32
12/13/2024 14:00,13
12/13/2024 15:00,4
12/13/2024 16:00,5
12/16/2024 8:00,13
12/16/2024 9:00,21
12/16/2024 10:00,14
12/16/2024 11:00,20
12/16/2024 12:00,6
12/16/2024 13:00,19
12/16/2024 14:00,27
12/16/2024 15:00,12
12/16/2024 16:00,9
12/17/2024 8:00,8
12/17/2024 9:00,18
12/17/2024 10:00,41
12/17/2024 11:00,13
12/17/2024 12:00,12
12/17/2024 13:00,10
12/17/2024 14:00,20
12/17/2024 15:00,12
12/17/2024 16:00,4
12/18/2024 8:00,9
12/18/2024 9:00,13
12/18/2024 10:00,8
12/18/2024 11:00,5
12/18/2024 12:00,7
12/18/2024 13:00,20
12/18/2024 14:00,9
12/18/2024 15:00,10
12/18/2024 16:00,2
12/19/2024 8:00,6
12/19/2024 9:00,10
12/19/2024 10:00,24
12/19/2024 11:00,9
12/19/2024 12:00,11
12/19/2024 13:00,7
12/19/2024 14:00,6
12/19/2024 15:00,5
12/19/2024 16:00,3
12/20/2024 8:00,7
12/20/2024 9:00,5
12/20/2024 10:00,16
12/20/2024 11:00,8
12/20/2024 12:00,9
12/20/2024 13:00,8
12/20/2024 14:00,8
12/20/2024 15:00,16
12/20/2024 16:00,1
12/23/2024 8:00,11
12/23/2024 9:00,25
12/23/2024 10:00,19
12/23/2024 11:00,14
12/23/2024 12:00,14
12/23/2024 13:00,16
12/23/2024 14:00,10
12/23/2024 15:00,7
12/23/2024 16:00,7
12/24/2024 8:00,4
12/24/2024 9:00,6
12/24/2024 10:00,6
12/24/2024 11:00,2
12/24/2024 12:00,2
12/24/2024 13:00,4
12/24/2024 15:00,2
12/26/2024 8:00,7
12/26/2024 9:00,8
12/26/2024 10:00,22
12/26/2024 11:00,20
12/26/2024 12:00,16
12/26/2024 13:00,10
12/26/2024 14:00,27
12/26/2024 15:00,13
12/26/2024 16:00,2
12/26/2024 20:00,1
12/27/2024 8:00,8
12/27/2024 9:00,18
12/27/2024 10:00,10
12/27/2024 11:00,21
12/27/2024 12:00,13
12/27/2024 13:00,10
12/27/2024 14:00,19
12/27/2024 15:00,25
12/27/2024 16:00,7
12/30/2024 8:00,9
12/30/2024 9:00,30
12/30/2024 10:00,32
12/30/2024 11:00,10
12/30/2024 12:00,15
12/30/2024 13:00,23
12/30/2024 14:00,18
12/30/2024 15:00,8
12/30/2024 16:00,4
12/31/2024 8:00,9
12/31/2024 9:00,13
12/31/2024 10:00,14
12/31/2024 11:00,11
12/31/2024 12:00,7
12/31/2024 13:00,11
12/31/2024 14:00,16
12/31/2024 15:00,10
12/31/2024 16:00,7
1/1/2025 10:00,2
1/1/2025 11:00,2
1/1/2025 12:00,2
1/1/2025 13:00,2
1/1/2025 14:00,4
1/2/2025 8:00,24
1/2/2025 9:00,29
1/2/2025 10:00,34
1/2/2025 11:00,22
1/2/2025 12:00,10
1/2/2025 13:00,32
1/2/2025 14:00,18
1/2/2025 15:00,18
1/2/2025 16:00,6
1/3/2025 8:00,12
1/3/2025 9:00,18
1/3/2025 10:00,32
1/3/2025 11:00,47
1/3/2025 12:00,27
1/3/2025 13:00,58
1/3/2025 14:00,41
1/3/2025 15:00,13
1/3/2025 16:00,13
1/6/2025 8:00,11
1/6/2025 9:00,14
1/6/2025 10:00,11
1/6/2025 11:00,29
1/6/2025 12:00,11
1/6/2025 13:00,33
1/6/2025 14:00,25
1/6/2025 15:00,20
1/6/2025 16:00,10
1/7/2025 8:00,11
1/7/2025 9:00,17
1/7/2025 10:00,29
1/7/2025 11:00,16
1/7/2025 12:00,9
1/7/2025 13:00,6
1/7/2025 14:00,29
1/7/2025 15:00,16
1/7/2025 16:00,12
1/8/2025 8:00,10
1/8/2025 9:00,36
1/8/2025 10:00,24
1/8/2025 11:00,40
1/8/2025 12:00,30
1/8/2025 13:00,38
1/8/2025 14:00,36
1/8/2025 15:00,24
1/8/2025 16:00,16
1/9/2025 8:00,40
1/9/2025 9:00,38
1/9/2025 10:00,32
1/9/2025 11:00,30
1/9/2025 12:00,28
1/9/2025 13:00,38
1/9/2025 14:00,50
1/9/2025 15:00,40
1/9/2025 16:00,16
1/10/2025 8:00,10
1/10/2025 9:00,18
1/10/2025 10:00,38
1/10/2025 11:00,22
1/10/2025 12:00,20
1/10/2025 13:00,26
1/10/2025 14:00,40
1/10/2025 15:00,28
1/10/2025 16:00,28
1/13/2025 8:00,12
1/13/2025 9:00,18
1/13/2025 10:00,10
1/13/2025 11:00,22
1/13/2025 12:00,12
1/13/2025 13:00,36
1/13/2025 14:00,29
1/13/2025 15:00,8
1/13/2025 16:00,16
1/14/2025 8:00,9
1/14/2025 9:00,11
1/14/2025 10:00,21
1/14/2025 11:00,16
1/14/2025 12:00,15
1/14/2025 13:00,14
1/14/2025 14:00,19
1/14/2025 15:00,43
1/14/2025 16:00,13
1/15/2025 8:00,11
1/15/2025 9:00,14
1/15/2025 10:00,21
1/15/2025 11:00,21
1/15/2025 12:00,30
1/15/2025 13:00,14
1/15/2025 14:00,15
1/15/2025 15:00,20
1/15/2025 16:00,18
1/16/2025 8:00,5
1/16/2025 9:00,17
1/16/2025 10:00,28
1/16/2025 11:00,14
1/16/2025 12:00,16
1/16/2025 13:00,21
1/16/2025 14:00,9
1/16/2025 15:00,11
1/16/2025 16:00,8
1/17/2025 8:00,21
1/17/2025 9:00,20
1/17/2025 10:00,47
1/17/2025 11:00,20
1/17/2025 12:00,45
1/17/2025 13:00,38
1/17/2025 14:00,16
1/17/2025 15:00,21
1/17/2025 16:00,14
1/18/2025 14:00,4
1/20/2025 8:00,6
1/20/2025 9:00,6
1/20/2025 10:00,3
1/20/2025 11:00,14
1/20/2025 12:00,6
1/20/2025 13:00,6
1/20/2025 14:00,14
1/20/2025 15:00,6
1/20/2025 16:00,4
1/21/2025 8:00,17
1/21/2025 9:00,29
1/21/2025 10:00,46
1/21/2025 11:00,25
1/21/2025 12:00,25
1/21/2025 13:00,35
1/21/2025 14:00,22
1/21/2025 15:00,16
1/21/2025 16:00,17
1/22/2025 8:00,11
1/22/2025 9:00,41
1/22/2025 10:00,20
1/22/2025 11:00,10
1/22/2025 13:00,7
1/22/2025 14:00,16
1/22/2025 15:00,10
1/22/2025 16:00,8
1/23/2025 7:00,1
1/23/2025 8:00,26
1/23/2025 9:00,37
1/23/2025 10:00,32
1/23/2025 11:00,29
1/23/2025 12:00,18
1/23/2025 13:00,56
1/23/2025 14:00,24
1/23/2025 15:00,27
1/23/2025 16:00,16
1/24/2025 8:00,6
1/24/2025 9:00,24
1/24/2025 10:00,16
1/24/2025 11:00,20
1/24/2025 12:00,18
1/24/2025 13:00,26
1/24/2025 14:00,29
1/24/2025 15:00,10
1/24/2025 16:00,11
1/27/2025 8:00,24
1/27/2025 9:00,17
1/27/2025 10:00,19
1/27/2025 11:00,35
1/27/2025 12:00,54
1/27/2025 13:00,64
1/27/2025 14:00,82
1/27/2025 15:00,65
1/27/2025 16:00,44
1/28/2025 8:00,61
1/28/2025 9:00,81
1/28/2025 10:00,105
1/28/2025 11:00,67
1/28/2025 12:00,40
1/28/2025 13:00,69
1/28/2025 14:00,42
1/28/2025 15:00,44
1/28/2025 16:00,18
1/29/2025 8:00,33
1/29/2025 9:00,39
1/29/2025 10:00,24
1/29/2025 11:00,68
1/29/2025 12:00,43
1/29/2025 13:00,116
1/29/2025 14:00,73
1/29/2025 15:00,79
1/29/2025 16:00,37
1/29/2025 17:00,1
1/29/2025 18:00,1
1/30/2025 8:00,33
1/30/2025 9:00,57
1/30/2025 10:00,68
1/30/2025 11:00,44
1/30/2025 12:00,32
1/30/2025 13:00,41
1/30/2025 14:00,50
1/30/2025 15:00,43
1/30/2025 16:00,25
1/30/2025 17:00,1
1/31/2025 8:00,41
1/31/2025 9:00,69
1/31/2025 10:00,69
1/31/2025 11:00,56
1/31/2025 12:00,28
1/31/2025 13:00,71
1/31/2025 14:00,48
1/31/2025 15:00,30
1/31/2025 16:00,18
2/1/2025 16:00,1
2/3/2025 8:00,41
2/3/2025 9:00,78
2/3/2025 10:00,76
2/3/2025 11:00,60
2/3/2025 12:00,36
2/3/2025 13:00,57
2/3/2025 14:00,65
2/3/2025 15:00,44
2/3/2025 16:00,41
2/3/2025 22:00,1
2/4/2025 8:00,30
2/4/2025 9:00,29
2/4/2025 10:00,23
2/4/2025 11:00,52
2/4/2025 12:00,32
2/4/2025 13:00,62
2/4/2025 14:00,32
2/4/2025 15:00,26
2/4/2025 16:00,11
2/5/2025 7:00,1
2/5/2025 8:00,31
2/5/2025 9:00,25
2/5/2025 10:00,36
2/5/2025 11:00,29
2/5/2025 12:00,24
2/5/2025 13:00,69
2/5/2025 14:00,26
2/5/2025 15:00,34
2/5/2025 16:00,8
2/6/2025 8:00,8
2/6/2025 9:00,26
2/6/2025 10:00,50
2/6/2025 11:00,47
2/6/2025 12:00,26
2/6/2025 13:00,29
2/6/2025 14:00,44
2/6/2025 15:00,34
2/6/2025 16:00,20
2/6/2025 17:00,1
2/6/2025 18:00,1
2/7/2025 8:00,46
2/7/2025 9:00,42
2/7/2025 10:00,106
2/7/2025 11:00,73
2/7/2025 12:00,37
2/7/2025 13:00,144
2/7/2025 14:00,54
2/7/2025 15:00,78
2/7/2025 16:00,22
2/9/2025 9:00,1
2/9/2025 11:00,1
2/9/2025 13:00,1
2/10/2025 7:00,3
2/10/2025 8:00,26
2/10/2025 9:00,39
2/10/2025 10:00,36
2/10/2025 11:00,44
2/10/2025 12:00,57
2/10/2025 13:00,81
2/10/2025 14:00,39
2/10/2025 15:00,58
2/10/2025 16:00,20
2/10/2025 20:00,1
2/11/2025 8:00,22
2/11/2025 9:00,44
2/11/2025 10:00,57
2/11/2025 11:00,30
2/11/2025 12:00,35
2/11/2025 13:00,26
2/11/2025 14:00,30
2/11/2025 15:00,33
2/11/2025 16:00,31
2/11/2025 17:00,1
2/12/2025 8:00,15
2/12/2025 9:00,38
2/12/2025 10:00,38
2/12/2025 11:00,37
2/12/2025 12:00,35
2/12/2025 13:00,24
2/12/2025 14:00,21
2/12/2025 15:00,18
2/12/2025 16:00,13
2/12/2025 17:00,1
2/13/2025 8:00,23
2/13/2025 9:00,30
2/13/2025 10:00,24
2/13/2025 11:00,21
2/13/2025 12:00,27
2/13/2025 13:00,63
2/13/2025 14:00,34
2/13/2025 15:00,23
2/13/2025 16:00,13
2/14/2025 8:00,10
2/14/2025 9:00,21
2/14/2025 10:00,18
2/14/2025 11:00,25
2/14/2025 12:00,16
2/14/2025 13:00,33
2/14/2025 14:00,19
2/14/2025 15:00,17
2/14/2025 16:00,7
2/14/2025 17:00,1
2/17/2025 8:00,7
2/17/2025 9:00,20
2/17/2025 10:00,23
2/17/2025 11:00,27
2/17/2025 12:00,10
2/17/2025 13:00,8
2/17/2025 14:00,12
2/17/2025 15:00,10
2/17/2025 16:00,4
2/18/2025 8:00,27
2/18/2025 9:00,43
2/18/2025 10:00,29
2/18/2025 11:00,31
2/18/2025 12:00,27
2/18/2025 13:00,94
2/18/2025 14:00,39
2/18/2025 15:00,42
2/18/2025 16:00,19
2/19/2025 8:00,27
2/19/2025 9:00,28
2/19/2025 10:00,33
2/19/2025 11:00,30
2/19/2025 12:00,36
2/19/2025 13:00,19
2/19/2025 14:00,10
2/19/2025 15:00,22
2/19/2025 16:00,12
2/20/2025 8:00,6
2/20/2025 9:00,16
2/20/2025 10:00,22
2/20/2025 11:00,29
2/20/2025 12:00,16
2/20/2025 13:00,29
2/20/2025 14:00,14
2/20/2025 15:00,16
2/20/2025 16:00,1
2/21/2025 8:00,19
2/21/2025 9:00,16
2/21/2025 10:00,35
2/21/2025 11:00,39
2/21/2025 12:00,33
2/21/2025 13:00,21
2/21/2025 14:00,42
2/21/2025 15:00,21
2/21/2025 16:00,9
2/23/2025 11:00,1
2/24/2025 8:00,5
2/24/2025 9:00,18
2/24/2025 10:00,24
2/24/2025 11:00,17
2/24/2025 12:00,36
2/24/2025 13:00,36
2/24/2025 14:00,18
2/24/2025 15:00,24
2/24/2025 16:00,9
2/24/2025 17:00,1
2/25/2025 8:00,21
2/25/2025 9:00,25
2/25/2025 10:00,37
2/25/2025 11:00,29
2/25/2025 12:00,18
2/25/2025 13:00,70
2/25/2025 14:00,15
2/25/2025 15:00,41
2/25/2025 16:00,14
2/25/2025 18:00,1
2/26/2025 8:00,27
2/26/2025 9:00,31
2/26/2025 10:00,33
2/26/2025 11:00,23
2/26/2025 12:00,34
2/26/2025 13:00,29
2/26/2025 14:00,41
2/26/2025 15:00,28
2/26/2025 16:00,16
2/27/2025 7:00,1
2/27/2025 8:00,19
2/27/2025 9:00,26
2/27/2025 10:00,30
2/27/2025 11:00,30
2/27/2025 12:00,32
2/27/2025 13:00,48
2/27/2025 14:00,23
2/27/2025 15:00,33
2/27/2025 16:00,14
2/28/2025 8:00,21
2/28/2025 9:00,33
2/28/2025 10:00,8
2/28/2025 11:00,22
2/28/2025 12:00,54
2/28/2025 13:00,19
2/28/2025 14:00,15
2/28/2025 15:00,35
2/28/2025 16:00,19
3/2/2025 23:00,1
3/3/2025 8:00,25
3/3/2025 9:00,24
3/3/2025 10:00,34
3/3/2025 11:00,25
3/3/2025 12:00,34
3/3/2025 13:00,12
3/3/2025 14:00,22
3/3/2025 15:00,23
3/3/2025 16:00,7
3/4/2025 8:00,16
3/4/2025 9:00,29
3/4/2025 10:00,27
3/4/2025 11:00,20
3/4/2025 12:00,17
3/4/2025 13:00,38
3/4/2025 14:00,39
3/4/2025 15:00,18
3/4/2025 16:00,13
3/5/2025 8:00,18
3/5/2025 9:00,28
3/5/2025 10:00,37
3/5/2025 11:00,10
3/5/2025 12:00,21
3/5/2025 13:00,16
3/5/2025 14:00,14
3/5/2025 15:00,19
3/5/2025 16:00,6
3/6/2025 8:00,22
3/6/2025 9:00,11
3/6/2025 10:00,19
3/6/2025 11:00,19
3/6/2025 12:00,13
3/6/2025 13:00,45
3/6/2025 14:00,30
3/6/2025 15:00,29
3/6/2025 16:00,18
3/6/2025 18:00,1
3/7/2025 8:00,11
3/7/2025 9:00,11
3/7/2025 10:00,16
3/7/2025 11:00,25
3/7/2025 12:00,26
3/7/2025 13:00,32
3/7/2025 14:00,13
3/7/2025 15:00,14
3/7/2025 16:00,16
3/10/2025 8:00,19
3/10/2025 9:00,22
3/10/2025 10:00,14
3/10/2025 11:00,33
3/10/2025 12:00,67
3/10/2025 13:00,21
3/10/2025 14:00,49
3/10/2025 15:00,43
3/10/2025 16:00,40
3/11/2025 8:00,17
3/11/2025 9:00,14
3/11/2025 10:00,22
3/11/2025 11:00,23
3/11/2025 12:00,19
3/11/2025 13:00,60
3/11/2025 14:00,52
3/11/2025 15:00,29
3/11/2025 16:00,91
3/11/2025 17:00,1
3/12/2025 8:00,52
3/12/2025 9:00,42
3/12/2025 10:00,30
3/12/2025 11:00,64
3/12/2025 12:00,22
3/12/2025 13:00,38
3/12/2025 14:00,21
3/12/2025 15:00,24
3/12/2025 16:00,10
3/12/2025 17:00,1
3/13/2025 8:00,13
3/13/2025 9:00,22
3/13/2025 10:00,27
3/13/2025 11:00,15
3/13/2025 12:00,26
3/13/2025 13:00,19
3/13/2025 14:00,20
3/13/2025 15:00,13
3/13/2025 16:00,24
3/14/2025 8:00,20
3/14/2025 9:00,21
3/14/2025 10:00,15
3/14/2025 11:00,14
3/14/2025 12:00,8
3/14/2025 13:00,22
3/14/2025 14:00,22
3/14/2025 15:00,27
3/14/2025 16:00,11
3/17/2025 8:00,11
3/17/2025 9:00,15
3/17/2025 10:00,31
3/17/2025 11:00,21
3/17/2025 12:00,17
3/17/2025 13:00,22
3/17/2025 14:00,21
3/17/2025 15:00,16
3/17/2025 16:00,20
3/18/2025 8:00,12
3/18/2025 9:00,17
3/18/2025 10:00,13
3/18/2025 11:00,28
3/18/2025 12:00,19
3/18/2025 13:00,28
3/18/2025 14:00,27
3/18/2025 15:00,31
3/18/2025 16:00,11
3/19/2025 8:00,12
3/19/2025 9:00,23
3/19/2025 10:00,30
3/19/2025 11:00,26
3/19/2025 12:00,27
3/19/2025 13:00,20
3/19/2025 14:00,14
3/19/2025 15:00,20
3/19/2025 16:00,12
3/20/2025 8:00,10
3/20/2025 9:00,29
3/20/2025 10:00,19
3/20/2025 11:00,14
3/20/2025 12:00,28
3/20/2025 13:00,15
3/20/2025 14:00,22
3/20/2025 15:00,23
3/20/2025 16:00,12
3/21/2025 7:00,1
3/21/2025 8:00,8
3/21/2025 9:00,28
3/21/2025 10:00,19
3/21/2025 11:00,27
3/21/2025 12:00,20
3/21/2025 13:00,14
3/21/2025 14:00,31
3/21/2025 15:00,21
3/21/2025 16:00,12
3/22/2025 15:00,1
3/22/2025 17:00,1
3/22/2025 19:00,1
3/24/2025 8:00,16
3/24/2025 9:00,33
3/24/2025 10:00,23
3/24/2025 11:00,29
3/24/2025 12:00,25
3/24/2025 13:00,44
3/24/2025 14:00,30
3/24/2025 15:00,31
3/24/2025 16:00,35
3/25/2025 8:00,8
3/25/2025 9:00,18
3/25/2025 10:00,30
3/25/2025 11:00,16
3/25/2025 12:00,29
3/25/2025 13:00,37
3/25/2025 14:00,23
3/25/2025 15:00,19
3/25/2025 16:00,9
3/26/2025 7:00,1
3/26/2025 8:00,12
3/26/2025 9:00,13
3/26/2025 10:00,9
3/26/2025 11:00,19
3/26/2025 12:00,10
3/26/2025 13:00,27
3/26/2025 14:00,24
3/26/2025 15:00,9
3/26/2025 16:00,6
3/26/2025 17:00,1
3/27/2025 7:00,1
3/27/2025 8:00,19
3/27/2025 9:00,33
3/27/2025 10:00,20
3/27/2025 11:00,32
3/27/2025 12:00,20
3/27/2025 13:00,16
3/27/2025 14:00,24
3/27/2025 15:00,13
3/27/2025 16:00,5
3/28/2025 8:00,8
3/28/2025 9:00,6
3/28/2025 10:00,21
3/28/2025 11:00,26
3/28/2025 12:00,31
3/28/2025 13:00,25
3/28/2025 14:00,21
3/28/2025 15:00,12
3/28/2025 16:00,6
3/29/2025 10:00,2
3/30/2025 19:00,1
3/31/2025 8:00,25
3/31/2025 9:00,66
3/31/2025 10:00,96
3/31/2025 11:00,37
3/31/2025 12:00,63
3/31/2025 13:00,48
3/31/2025 14:00,29
3/31/2025 15:00,47
3/31/2025 16:00,19
4/1/2025 7:00,1
4/1/2025 8:00,11
4/1/2025 9:00,18
4/1/2025 10:00,52
4/1/2025 11:00,69
4/1/2025 12:00,35
4/1/2025 13:00,18
4/1/2025 14:00,49
4/1/2025 15:00,21
4/1/2025 16:00,14
4/2/2025 8:00,26
4/2/2025 9:00,17
4/2/2025 10:00,12
4/2/2025 11:00,19
4/2/2025 12:00,67
4/2/2025 13:00,33
4/2/2025 14:00,16
4/2/2025 15:00,19
4/2/2025 16:00,33
4/3/2025 8:00,24
4/3/2025 9:00,18
4/3/2025 10:00,17
4/3/2025 11:00,40
4/3/2025 12:00,48
4/3/2025 13:00,19
4/3/2025 14:00,22
4/3/2025 15:00,12
4/3/2025 16:00,13
4/4/2025 8:00,29
4/4/2025 9:00,9
4/4/2025 10:00,39
4/4/2025 11:00,12
4/4/2025 12:00,69
4/4/2025 13:00,68
4/4/2025 14:00,16
4/4/2025 15:00,27
4/4/2025 16:00,14
4/4/2025 17:00,1
4/6/2025 10:00,1
4/7/2025 8:00,29
4/7/2025 9:00,49
4/7/2025 10:00,51
4/7/2025 11:00,27
4/7/2025 12:00,29
4/7/2025 13:00,42
4/7/2025 14:00,19
4/7/2025 15:00,25
4/7/2025 16:00,10
4/8/2025 8:00,11
4/8/2025 9:00,21
4/8/2025 10:00,34
4/8/2025 11:00,35
4/8/2025 12:00,32
4/8/2025 13:00,48
4/8/2025 14:00,49
4/8/2025 15:00,56
4/8/2025 16:00,20
4/9/2025 8:00,19
4/9/2025 9:00,22
4/9/2025 10:00,26
4/9/2025 11:00,14
4/9/2025 12:00,25
4/9/2025 13:00,40
4/9/2025 14:00,33
4/9/2025 15:00,32
4/9/2025 16:00,5
4/10/2025 8:00,24
4/10/2025 9:00,34
4/10/2025 10:00,32
4/10/2025 11:00,19
4/10/2025 12:00,34
4/10/2025 13:00,42
4/10/2025 14:00,27
4/10/2025 15:00,10
4/10/2025 16:00,8
4/11/2025 8:00,17
4/11/2025 9:00,26
4/11/2025 10:00,25
4/11/2025 11:00,28
4/11/2025 12:00,24
4/11/2025 13:00,61
4/11/2025 14:00,17
4/11/2025 15:00,25
4/11/2025 16:00,11
4/13/2025 8:00,1
4/14/2025 8:00,31
4/14/2025 9:00,38
4/14/2025 10:00,54
4/14/2025 11:00,26
4/14/2025 12:00,45
4/14/2025 13:00,34
4/14/2025 14:00,39
4/14/2025 15:00,34
4/14/2025 16:00,28
4/15/2025 7:00,1
4/15/2025 8:00,21
4/15/2025 9:00,46
4/15/2025 10:00,45
4/15/2025 11:00,36
4/15/2025 12:00,43
4/15/2025 13:00,17
4/15/2025 14:00,29
4/15/2025 15:00,26
4/15/2025 16:00,13
4/15/2025 17:00,2
4/16/2025 8:00,17
4/16/2025 9:00,31
4/16/2025 10:00,33
4/16/2025 11:00,32
4/16/2025 12:00,22
4/16/2025 13:00,44
4/16/2025 14:00,23
4/16/2025 15:00,23
4/16/2025 16:00,13
4/16/2025 17:00,1
4/17/2025 8:00,16
4/17/2025 9:00,37
4/17/2025 10:00,28
4/17/2025 11:00,47
4/17/2025 12:00,84
4/17/2025 13:00,58
4/17/2025 14:00,75
4/17/2025 15:00,28
4/17/2025 16:00,16
4/18/2025 8:00,55
4/18/2025 9:00,183
4/18/2025 10:00,107
4/18/2025 11:00,155
4/18/2025 12:00,77
4/18/2025 13:00,21
4/18/2025 14:00,211
4/18/2025 15:00,356
4/18/2025 16:00,126
4/21/2025 8:00,33
4/21/2025 9:00,43
4/21/2025 10:00,30
4/21/2025 11:00,20
4/21/2025 12:00,20
4/21/2025 13:00,72
4/21/2025 14:00,63
4/21/2025 15:00,56
4/21/2025 16:00,47
4/22/2025 8:00,39
4/22/2025 9:00,78
4/22/2025 10:00,42
4/22/2025 11:00,34
4/22/2025 12:00,20
4/22/2025 13:00,26
4/22/2025 14:00,38
4/22/2025 15:00,25
4/22/2025 16:00,27
4/23/2025 8:00,21
4/23/2025 9:00,35
4/23/2025 10:00,33
4/23/2025 11:00,37
4/23/2025 12:00,31
4/23/2025 13:00,46
4/23/2025 14:00,21
4/23/2025 15:00,37
4/23/2025 16:00,11
4/24/2025 8:00,21
4/24/2025 9:00,19
4/24/2025 10:00,17
4/24/2025 11:00,24
4/24/2025 12:00,25
4/24/2025 13:00,18
4/24/2025 14:00,29
4/24/2025 15:00,15
4/24/2025 16:00,13
4/25/2025 8:00,15
4/25/2025 9:00,23
4/25/2025 10:00,24
4/25/2025 11:00,18
4/25/2025 12:00,24
4/25/2025 13:00,22
4/25/2025 14:00,26
4/25/2025 15:00,13
4/25/2025 16:00,13
4/27/2025 18:00,2
4/28/2025 8:00,37
4/28/2025 9:00,33
4/28/2025 10:00,77
4/28/2025 11:00,198
4/28/2025 12:00,41
4/28/2025 13:00,56
4/28/2025 14:00,38
4/28/2025 15:00,32
4/28/2025 16:00,19
4/28/2025 19:00,1
4/29/2025 8:00,18
4/29/2025 9:00,32
4/29/2025 10:00,38
4/29/2025 11:00,32
4/29/2025 12:00,22
4/29/2025 13:00,21
4/29/2025 14:00,24
4/29/2025 15:00,20
4/29/2025 16:00,19
4/29/2025 20:00,1
4/30/2025 8:00,14
4/30/2025 9:00,27
4/30/2025 10:00,24
4/30/2025 11:00,20
4/30/2025 12:00,42
4/30/2025 13:00,32
4/30/2025 14:00,16
4/30/2025 15:00,25
4/30/2025 16:00,18
5/1/2025 7:00,2
5/1/2025 8:00,20
5/1/2025 9:00,49
5/1/2025 10:00,24
5/1/2025 11:00,49
5/1/2025 12:00,37
5/1/2025 13:00,50
5/1/2025 14:00,59
5/1/2025 15:00,18
5/1/2025 16:00,25
5/2/2025 8:00,22
5/2/2025 9:00,29
5/2/2025 10:00,18
5/2/2025 11:00,34
5/2/2025 12:00,18
5/2/2025 13:00,23
5/2/2025 14:00,15
5/2/2025 15:00,19
5/2/2025 16:00,18
5/4/2025 16:00,1
5/5/2025 8:00,153
5/5/2025 9:00,195
5/5/2025 10:00,143
5/5/2025 11:00,159
5/5/2025 12:00,86
5/5/2025 13:00,132
5/5/2025 14:00,131
5/5/2025 15:00,123
5/5/2025 16:00,87
5/6/2025 4:00,1
5/6/2025 8:00,74
5/6/2025 9:00,173
5/6/2025 10:00,109
5/6/2025 11:00,97
5/6/2025 12:00,76
5/6/2025 13:00,94
5/6/2025 14:00,106
5/6/2025 15:00,100
5/6/2025 16:00,69
5/6/2025 17:00,1
5/7/2025 8:00,64
5/7/2025 9:00,105
5/7/2025 10:00,87
5/7/2025 11:00,117
5/7/2025 12:00,51
5/7/2025 13:00,104
5/7/2025 14:00,105
5/7/2025 15:00,109
5/7/2025 16:00,57
5/7/2025 17:00,1
5/8/2025 8:00,47
5/8/2025 9:00,64
5/8/2025 10:00,72
5/8/2025 11:00,69
5/8/2025 12:00,55
5/8/2025 13:00,83
5/8/2025 14:00,48
5/8/2025 15:00,48
5/8/2025 16:00,38
5/8/2025 21:00,1
5/9/2025 8:00,37
5/9/2025 9:00,92
5/9/2025 10:00,61
5/9/2025 11:00,103
5/9/2025 12:00,42
5/9/2025 13:00,65
5/9/2025 14:00,57
5/9/2025 15:00,52
5/9/2025 16:00,28
5/10/2025 7:00,2
5/10/2025 9:00,1
5/11/2025 7:00,1
5/12/2025 8:00,53
5/12/2025 9:00,64
5/12/2025 10:00,84
5/12/2025 11:00,68
5/12/2025 12:00,57
5/12/2025 13:00,61
5/12/2025 14:00,65
5/12/2025 15:00,68
5/12/2025 16:00,57
5/12/2025 17:00,1
5/12/2025 18:00,1
5/13/2025 8:00,41
5/13/2025 9:00,69
5/13/2025 10:00,108
5/13/2025 11:00,71
5/13/2025 12:00,61
5/13/2025 13:00,78
5/13/2025 14:00,53
5/13/2025 15:00,55
5/13/2025 16:00,18
5/13/2025 18:00,1
5/14/2025 7:00,1
5/14/2025 8:00,39
5/14/2025 9:00,52
5/14/2025 10:00,91
5/14/2025 11:00,71
5/14/2025 12:00,56
5/14/2025 13:00,98
5/14/2025 14:00,84
5/14/2025 15:00,71
5/14/2025 16:00,27
5/15/2025 8:00,22
5/15/2025 9:00,41
5/15/2025 10:00,79
5/15/2025 11:00,37
5/15/2025 12:00,33
5/15/2025 13:00,53
5/15/2025 14:00,72
5/15/2025 15:00,35
5/15/2025 16:00,25
5/16/2025 8:00,68
5/16/2025 9:00,62
5/16/2025 10:00,47
5/16/2025 11:00,40
5/16/2025 12:00,29
5/16/2025 13:00,72
5/16/2025 14:00,40
5/16/2025 15:00,33
5/16/2025 16:00,10
5/17/2025 12:00,1
5/17/2025 13:00,1
5/18/2025 16:00,1
5/19/2025 8:00,57
5/19/2025 9:00,93
5/19/2025 10:00,48
5/19/2025 11:00,83
5/19/2025 12:00,51
5/19/2025 13:00,36
5/19/2025 14:00,55
5/19/2025 15:00,46
5/19/2025 16:00,32
5/20/2025 8:00,39
5/20/2025 9:00,86
5/20/2025 10:00,92
5/20/2025 11:00,68
5/20/2025 12:00,43
5/20/2025 13:00,78
5/20/2025 14:00,49
5/20/2025 15:00,42
5/20/2025 16:00,32
5/20/2025 17:00,2
5/21/2025 8:00,48
5/21/2025 9:00,58
5/21/2025 10:00,67
5/21/2025 11:00,51
5/21/2025 12:00,123
5/21/2025 13:00,90
5/21/2025 14:00,63
5/21/2025 15:00,54
5/21/2025 16:00,31
5/22/2025 8:00,41
5/22/2025 9:00,46
5/22/2025 10:00,30
5/22/2025 11:00,34
5/22/2025 12:00,58
5/22/2025 13:00,96
5/22/2025 14:00,55
5/22/2025 15:00,43
5/22/2025 16:00,20
5/22/2025 17:00,1
5/23/2025 8:00,31
5/23/2025 9:00,108
5/23/2025 10:00,72
5/23/2025 11:00,78
5/23/2025 12:00,67
5/23/2025 13:00,64
5/23/2025 14:00,73
5/23/2025 15:00,40
5/23/2025 16:00,126
5/26/2025 8:00,8
5/26/2025 9:00,12
5/26/2025 10:00,4
5/26/2025 11:00,4
5/26/2025 12:00,8
5/26/2025 13:00,8
5/26/2025 15:00,8
5/27/2025 8:00,52
5/27/2025 9:00,48
5/27/2025 10:00,71
5/27/2025 11:00,94
5/27/2025 12:00,40
5/27/2025 13:00,32
5/27/2025 14:00,100
5/27/2025 15:00,51
5/27/2025 16:00,19
5/28/2025 8:00,38
5/28/2025 9:00,42
5/28/2025 10:00,84
5/28/2025 11:00,47
5/28/2025 12:00,98
5/28/2025 13:00,103
5/28/2025 14:00,54
5/28/2025 15:00,51
5/28/2025 16:00,24
5/28/2025 17:00,1
5/29/2025 8:00,36
5/29/2025 9:00,55
5/29/2025 10:00,98
5/29/2025 11:00,44
5/29/2025 12:00,67
5/29/2025 13:00,70
5/29/2025 14:00,32
5/29/2025 15:00,68
5/29/2025 16:00,36
5/30/2025 8:00,33
5/30/2025 9:00,71
5/30/2025 10:00,75
5/30/2025 11:00,55
5/30/2025 12:00,60
5/30/2025 13:00,58
5/30/2025 14:00,45
5/30/2025 15:00,43
5/30/2025 16:00,23
5/31/2025 9:00,1
6/2/2025 8:00,59
6/2/2025 9:00,51
6/2/2025 10:00,67
6/2/2025 11:00,62
6/2/2025 12:00,98
6/2/2025 13:00,81
6/2/2025 14:00,71
6/2/2025 15:00,49
6/2/2025 16:00,31
6/3/2025 8:00,20
6/3/2025 9:00,57
6/3/2025 10:00,41
6/3/2025 11:00,36
6/3/2025 12:00,57
6/3/2025 13:00,67
6/3/2025 14:00,42
6/3/2025 15:00,37
6/3/2025 16:00,17
6/3/2025 19:00,1
